Country,Country Code,Lat,Long,COVID-19 Cases,Malaria Cases,Human development index (HDI) 2018,Life expectancy at birth 2018,Expected years of schooling 2018,Mean years of schooling 2018,Gross national income (GNI) per capita 2018,Life Ladder,Log GDP per capita,Social support,Healthy life expectancy at birth,Freedom to make life choices,Generosity,Perceptions of corruption,Positive affect,Negative affect,Confidence in national government,Democratic Quality,Delivery Quality,Standard deviation of ladder by country-year,Standard deviation/Mean of ladder by country-year,GINI index (World Bank estimate),"GINI index (World Bank estimate), average 2000-16","gini of household income reported in Gallup, by wp5-year","Most people can be trusted, Gallup","Most people can be trusted, WVS round 1981-1984","Most people can be trusted, WVS round 1989-1993","Most people can be trusted, WVS round 1994-1998","Most people can be trusted, WVS round 1999-2004","Most people can be trusted, WVS round 2005-2009","Most people can be trusted, WVS round 2010-2014",Air Passengers Carried,Tests Conducted,Positive Tests,Positive/Tested %,Hospital Beds/1000,Occupancy%,Population,Population Density,Migrants,Fertility Rate,Median Age,Urban Population%,Quality of Life Index,Purchasing Power Index,Safety Index,Health Care Index,Cost of Living Index,Property Price to Income Ratio,Traffic Commute Time Index,Pollution Index,Climate Index,Avg Temp,Min Temp,Max Temp,Avg Pressure,Wind Speed,Precipitation,Fog
Afghanistan,AFG,33.0,65.0,11173,630308.0,0.496,64.5,10.1,3.9,1746.0,2.6943032739999997,7.494587898,0.5075158479999999,52.59999847,0.373535544,-0.08488787699999999,0.9276056890000001,0.424125314,0.404904395,0.36466640200000006,,,1.408343792,0.522711694,,,0.290681332,,,,,,,,1722612.61,,,,,,38928346.0,60.0,-62920.0,4.6,18.0,0.25,,,,,,,,,,33.693442622950826,25.44426229508197,43.9688524590164,816.267213114754,5.247540983606558,1.9257377049180333,0.7377049180327869
Albania,ALB,41.1533,20.1683,1004,,0.7909999999999999,78.5,15.2,10.1,12300.0,5.004402637,9.412399292,0.683591664,68.69999695,0.824212313,0.005384951,0.8991293909999999,0.713299572,0.318996727,0.435337961,,,2.640530825,0.527641535,,0.30325,0.456174195,,,,0.243243247,0.23199999300000002,,,303137.0,12024.0,946.0,7.9,,,2877797.0,105.0,-14000.0,1.6,36.0,0.63,,,,,,,,,,52.31311475409836,43.64098360655737,62.75573770491802,267.3885245901639,2.1032786885245898,0.1437704918032787,0.3442622950819672
Algeria,DZA,28.0339,1.6596,8503,0.0,0.759,76.7,14.7,8.0,13639.0,5.043086052,9.557951927000001,0.798651338,65.90000153,0.58338058,-0.172413006,0.7587041259999999,0.591042936,0.292945564,,,,1.973942876,0.391415656,,0.276,0.6678718920000001,,,,,0.107644305,,0.17928633100000002,6442442.0,,,,,,43851044.0,18.0,-10000.0,3.1,29.0,0.73,,,,,,,,,,69.32459016393443,55.80163934426228,82.94754098360654,999.900000000001,10.960655737704917,0.0,0.0
Andorra,AND,42.5063,1.5218,763,,0.857,81.8,13.3,10.2,48641.0,,,,,,,,,,,,,,,,,,,,,,,,,,,,,,,77265.0,164.0,,,,0.88,,,,,,,,,,34.66229508196722,25.162295081967216,48.59836065573771,857.6770491803279,2.834426229508197,0.04426229508196721,0.0
Angola,AGO,-11.2027,17.8739,70,4615605.0,0.574,60.8,11.8,5.1,5555.0,3.794837952,8.741480827,0.754615486,54.59999847,0.37454155100000003,-0.157062218,0.83407563,0.578517139,0.367864132,0.572345674,-0.739363015,-1.16853869,2.1967113019999998,0.57886827,,0.4735,0.440698594,,,,,,,,1516628.0,,,,,,32866272.0,26.0,6413.0,5.6,17.0,0.67,,,,,,,,,,,,,,,,
Antigua and Barbuda,ATG,17.0608,-61.7964,25,,0.7759999999999999,76.9,12.5,9.3,22201.0,,,,,,,,,,,,,,,,,,,,,,,,,580174.156834825,,,,,,97929.0,223.0,0.0,2.0,34.0,0.26,,,,,,,,,,77.3918032786885,71.51803278688524,83.2524590163934,14.598360655737704,7.724590163934428,6.651967213114755,0.4918032786885246
Argentina,ARG,-38.4161,-63.6167,12628,0.0,0.83,76.5,17.6,10.6,17611.0,5.792796612,9.809971809,0.899911582,68.80000305,0.8458946940000001,-0.206936628,0.8552552459999999,0.8203096990000001,0.320502073,0.261352271,,,2.472558737,0.426833332,,0.4609375,0.40535593,,0.270073295,0.223552898,0.170843616,0.150153533,0.17405752800000002,0.19353072300000002,18081937.0,87547.0,6278.0,7.2,,,45195774.0,17.0,4800.0,2.3,32.0,0.93,115.31,47.22,38.23,69.25,32.95,24.53,43.08,50.67,98.28,72.49836065573768,59.0688524590164,89.31639344262297,298.5,10.547540983606561,4.937377049180327,0.22950819672131148
Armenia,ARM,40.0691,45.0382,7113,0.0,0.76,74.9,13.2,11.8,9277.0,5.062448502,9.119423866,0.8144490120000001,66.90000153,0.807643652,-0.14910869300000001,0.676826358,0.581487715,0.45484027299999996,0.670827627,,,2.1021106240000003,0.415235966,,0.31925,0.40640348200000004,,,,0.234999999,,,0.10913580699999999,,36016.0,3860.0,10.7,,,2963243.0,104.0,-4998.0,1.8,35.0,0.63,,,,,,,,,,26.488524590163937,18.314754098360652,37.68852459016392,802.0032786885246,460.95573770491836,0.03262295081967214,0.22950819672131148
Australia,AUS,-255.9695,1129.8623,7126,,0.938,83.3,22.1,12.7,44097.0,7.17699337,10.721020699999999,0.940137267,73.59999847,0.916028142,0.137795404,0.40464749899999997,0.7590188379999999,0.18745636899999998,0.46883687399999996,,,1.750282526,0.243874058,,0.34275,0.429814219,,0.478149384,,0.39449206,,0.461379021,0.518140078,75667645.03475071,1170682.0,7095.0,0.61,,,25499884.0,3.0,158246.0,1.8,38.0,0.86,186.21,107.31,58.64,77.38,73.54,7.52,34.73,23.46,92.7,69.20947176684878,60.21803278688525,77.58196721311471,247.98451730418913,6.042987249544626,0.9235336976320582,0.33879781420765026
Austria,AUT,47.5162,14.5501,16539,,0.914,81.4,16.3,12.6,46231.0,7.396001816,10.74189281,0.911668122,73.0,0.9041119809999999,0.051552333,0.52306056,0.75235039,0.226058796,0.488678724,,,1.5519400840000002,0.20983500800000002,,0.302692308,0.299504399,,,,,,,,12935505.0,396363.0,16403.0,4.1,7.37,73.8,9006398.0,109.0,65000.0,1.5,43.0,0.57,182.5,82.38,76.27,78.73,70.38,10.88,26.27,22.19,77.3,36.203278688524584,27.598360655737697,46.406557377049175,930.116393442623,6.357377049180327,0.06786885245901639,0.5737704918032787
Azerbaijan,AZE,40.1431,47.5769,4271,0.0,0.754,72.9,12.4,10.5,15240.0,5.1679954530000005,9.678013802,0.781229913,65.5,0.772449255,-0.251795292,0.561206281,0.592575371,0.191391662,0.834371924,,,1.863302112,0.36054638,,0.21100000000000002,0.260409832,,,,0.194305688,,,0.147932932,2279546.0,214291.0,2879.0,1.3,,,10139177.0,123.0,1200.0,2.1,32.0,0.56,,,,,,,,,,46.098360655737714,38.34590163934427,56.02622950819674,139.5786885245902,21.33934426229509,0.19590163934426225,0.21311475409836064
Bahamas,BHS,25.0343,-77.3963,100,,0.805,73.8,12.8,11.5,28395.0,,,,,,,,,,,,,,,,,,,,,,,,,1197116.19679215,,,,,,393244.0,39.0,1000.0,1.8,32.0,0.86,,,,,,,,,,73.75409836065573,67.29344262295083,81.06721311475414,999.900000000001,9.4,0.005737704918032788,0.2459016393442623
Bahrain,BHR,26.0275,50.55,9171,,0.838,77.2,15.3,9.4,40399.0,6.227320671,10.67569351,0.8757471440000001,68.5,0.9058585170000001,0.128193483,,0.8135705590000001,0.28975951699999997,,-1.167433977,0.22664445600000002,2.215525627,0.35577508799999996,,,0.446609318,,,,,,,0.335000008,5877003.0,230188.0,6747.0,2.9,,,1701575.0,2239.0,47800.0,2.0,32.0,0.89,,,,,,,,,,67.44754098360656,62.03442622950819,73.4672131147541,999.900000000001,9.459016393442623,9.841967213114755,0.13114754098360656
Bangladesh,BGD,23.685,90.3563,35585,32924.0,0.614,72.3,11.2,6.1,4057.0,4.499217033,8.22074604,0.705556035,64.30000305,0.90147084,-0.038008336000000004,0.7014212009999999,0.5413447020000001,0.361237794,0.8316931129999999,,,2.159303188,0.479928643,,0.32775,0.367609113,,,,0.204590157,0.23266667100000002,,,5984155.21211717,151750.0,18863.0,12.4,,,164689383.0,1265.0,-369501.0,2.1,28.0,0.39,70.03,33.21,36.06,42.8,32.25,13.1,56.73,86.21,71.29,72.65737704918035,63.15409836065573,83.06557377049181,465.10327868852477,2.1491803278688524,1.659016393442623,0.29508196721311475
Barbados,BRB,13.1939,-59.5432,92,,0.813,79.1,15.2,10.6,15912.0,,,,,,,,,,,,,,,,,,,,,,,,,,2549.0,82.0,3.2,,,287375.0,668.0,-79.0,1.6,40.0,0.31,,,,,,,,,,79.60819672131147,237.47540983606555,247.69836065573767,414.19344262295107,14.181967213114753,32.813770491803275,0.6557377049180327
Belarus,BLR,53.7098,27.9534,37144,,0.8170000000000001,74.6,15.4,12.3,17039.0,5.233769894,9.778738976,0.9045692679999999,66.09999847,0.6436023710000001,-0.181864843,0.718455493,0.45033285,0.23572862100000003,0.421278685,,,1.6901071069999998,0.322923452,,0.281294118,0.293443888,,,0.250246316,0.229923517,,,0.329064935,2760168.0,403236.0,33371.0,8.3,,,9449323.0,47.0,8730.0,1.7,40.0,0.79,134.83,37.0,75.01,59.04,34.7,14.65,30.68,43.63,64.37,35.63606557377051,30.170491803278683,40.79344262295083,999.900000000001,8.721311475409836,77.04147540983597,0.8032786885245902
Belgium,BEL,50.8333,4.0,57342,,0.919,81.5,19.7,11.8,43821.0,6.89217186,10.672445300000001,0.9298155309999999,72.0,0.808386624,-0.12727834300000002,0.630411804,0.74956274,0.250297338,0.44194454,,,1.548090696,0.224615797,,0.284307692,0.299524575,,,,,,,,13639487.0,334255.0,53449.0,16.0,5.76,81.8,11589623.0,383.0,48000.0,1.7,42.0,0.98,153.47,86.28,56.02,74.34,71.78,6.91,36.15,52.94,85.99,45.22622950819673,366.6655737704917,375.8131147540985,999.900000000001,10.124590163934426,59.01049180327863,0.639344262295082
Belize,BLZ,13.1939,-59.5432,18,7.0,0.72,74.5,13.1,9.8,7136.0,5.955646515,8.987143517,0.756932497,62.22000122,0.8735690709999999,0.004827182,0.7821053859999999,0.754977345,0.281604409,0.384267181,0.284335703,-0.5243054629999999,2.455256701,0.412256956,,,0.446025997,,,,,,,,1297533.22307894,,,,,,397628.0,17.0,1200.0,2.3,25.0,0.46,,,,,,,,,,,,,,,,
Benin,BEN,9.3077,2.3158,191,4111699.0,0.52,61.5,12.6,3.8,2135.0,5.81982708,7.663907051,0.503544033,54.29999924,0.713264048,0.024661165,0.7465107440000001,0.6466551420000001,0.467871815,0.639219761,,,3.313297987,0.569312096,,0.432666667,0.6062432529999999,,,,,,,,,,,,,,12123200.0,108.0,-2000.0,4.9,19.0,0.48,,,,,,,,,,85.31967213114754,73.1032786885246,98.98524590163935,966.1950819672128,6.4557377049180324,3.282131147540983,0.09836065573770492
Bhutan,BTN,27.5142,90.4336,27,11.0,0.617,71.5,12.1,3.1,8609.0,5.082128525,8.954587936,0.8475744129999999,60.20000076,0.83010155,0.28663519,0.633955777,0.80964148,0.31158930100000004,0.946393013,0.46994453700000005,0.309430838,1.47484684,0.290202588,,0.392666667,0.42251429,,,,,,,,275849.0,,,,,,771608.0,20.0,320.0,2.0,28.0,0.46,,,,,,,,,,48.08360655737704,33.18032786885245,60.977049180327874,999.900000000001,6.5442622950819676,9.835081967213114,0.09836065573770492
Bolivia,BOL,-16.2902,-63.5887,6660,6512.0,0.703,71.2,14.0,9.0,6849.0,5.915734291000001,8.860530853,0.8271594640000001,63.59999847,0.863246858,-0.08756835,0.7860445979999999,0.741972625,0.38746887399999996,0.399588227,,,2.2045419219999998,0.37265735899999997,,0.5216,0.45011302799999997,,,,,,,,4122113.0,8611.0,1681.0,19.5,,,11673021.0,11.0,-9504.0,2.8,26.0,0.69,,,,,,,,,,82.00655737704918,71.3983606557377,88.28032786885244,974.2852459016393,5.009836065573773,8.387704918032783,0.32786885245901637
Bosnia and Herzegovina,BIH,43.9159,17.6791,2406,,0.769,77.3,13.8,9.7,12690.0,5.887401103999999,9.402726173,0.835889578,67.80000305,0.658846438,0.124626905,0.912857771,0.642939508,0.27736505899999997,0.254097164,,,1.9877502919999999,0.337627798,,0.3256,0.385817498,,,,0.247500002,0.155833334,,,,58694.0,2391.0,4.1,,,3280819.0,64.0,-21585.0,1.3,43.0,0.52,121.89,41.83,56.97,52.26,35.97,12.58,26.67,62.33,80.48,44.84426229508197,31.527868852459022,56.57540983606558,953.1409836065573,36.52786885245901,0.04918032786885246,0.36065573770491804
Botswana,BWA,-22.3285,24.6849,35,2989.0,0.728,69.3,12.7,9.3,15951.0,3.4613657,9.680226326,0.794936001,58.90000153,0.817621112,-0.25908401600000003,0.8069454429999999,0.729643226,0.267083704,0.718788147,,,2.637892485,0.762095869,,0.626,0.616160452,,,,,,,,253417.0,,,,,,2351627.0,4.0,3000.0,2.9,24.0,0.73,,,,,,,,,,,,,,,,
Brazil,BRA,-14.235,-51.9253,374898,217928.0,0.7609999999999999,75.7,15.4,7.8,14068.0,6.190921782999999,9.557932854,0.881505251,66.40000153,0.75060904,-0.126326516,0.763251305,0.749727845,0.349656254,0.16818665,,,2.6378672119999997,0.426086336,,0.547285714,0.420397133,,,0.066019863,,,0.093811095,0.070637845,102109977.0,3085216.0,291579.0,9.5,,,212559417.0,25.0,21200.0,1.7,33.0,0.88,105.65,32.81,31.12,56.29,40.22,16.41,41.7,54.98,97.16,78.1672131147541,71.37213114754095,87.1754098360656,961.4573770491802,2.918032786885247,0.0,0.0
Brunei,BRN,4.5353,114.7277,141,,0.845,75.7,14.4,9.1,76389.0,,,,,,,,,,,,,,,,,,,,,,,,,1234455.0,,,,,,437479.0,83.0,0.0,1.8,32.0,0.8,,,,,,,,,,82.62786885245902,76.26557377049181,89.78360655737704,999.900000000001,5.495081967213116,9.897704918032785,0.39344262295081966
Bulgaria,BGR,42.7339,25.4858,2433,,0.816,74.9,14.8,11.8,19646.0,5.098813534,9.873218536,0.9238532779999999,66.80000305,0.7243359090000001,-0.179109603,0.952014446,0.639021873,0.189090982,0.218995899,,,2.03750658,0.39960405200000004,,0.35466666700000005,0.34120652100000004,,,,0.236940295,,0.19657068,,1022645.0,61711.0,2100.0,3.4,,,6948445.0,64.0,-4800.0,1.6,45.0,0.76,129.8,49.37,61.5,55.4,36.7,8.52,29.39,65.33,82.76,43.88196721311477,31.02622950819673,56.96393442622951,999.900000000001,6.078688524590165,40.9795081967213,0.47540983606557374
Burkina Faso,BFA,12.2383,-1.5616,832,7907562.0,0.434,61.2,8.9,1.6,1705.0,4.92723608,7.47052002,0.664859474,53.90000153,0.7207434770000001,-0.004381241,0.757398605,0.7108835579999999,0.342865527,0.622255087,,,2.646069765,0.537029207,,0.394666667,0.605102122,,,,,,0.143534184,,151531.0,1333.0,672.0,50.4,,,20903273.0,76.0,-25000.0,5.2,18.0,0.31,,,,,,,,,,84.93278688524589,70.85573770491803,99.39344262295084,978.1508196721312,6.429508196721311,0.0,0.0
Burma,MMR,21.9162,95.956,203,116772.0,0.584,66.9,10.3,5.0,5764.0,4.410633087,8.685232162,0.773825943,59.0,0.906110823,0.469964564,0.6467258929999999,0.776950598,0.300140351,0.878752649,,,2.28704071,0.518528879,,0.381,0.42404538399999997,,,,,,,,3407788.43290303,9980.0,161.0,1.6,,,54409800.0,83.0,-163313.0,2.2,29.0,0.31,,,,,,,,,,,,,,,,
Burundi,BDI,-3.3731,29.9189,42,2113066.0,0.423,61.2,11.3,3.1,660.0,3.775283098,6.541032791,0.484715223,53.40000153,0.6463986039999999,-0.019334173,0.598607659,0.6664415,0.362766594,,,,2.8157658580000002,0.745842278,,0.36,0.6808127159999999,,,,,,,,,,,,,,11890784.0,463.0,2001.0,5.5,17.0,0.14,,,,,,,,,,,,,,,,
Cabo Verde,CPV,16.5388,-23.0418,390,423.0,0.6509999999999999,72.8,11.9,6.2,6513.0,,,,,,,,,,,,,,,,,,,,,,,,,140429.0,,,,,,555987.0,138.0,-1342.0,2.3,28.0,0.68,,,,,,,,,,,,,,,,
Cambodia,KHM,11.55,104.9167,124,208273.0,0.581,69.6,11.3,4.8,3597.0,5.1218376160000005,8.253352165,0.7946053740000001,61.59999847,0.958304822,0.033786766,,0.8445925120000001,0.414345801,,,,2.9114525319999998,0.568439066,,,0.603439152,,,,,,,,1411059.0,,,,,,16718965.0,95.0,-30000.0,2.5,26.0,0.24,,,,,,,,,,84.68360655737706,75.58360655737705,94.4098360655738,999.900000000001,5.863934426229507,1.6391803278688524,0.01639344262295082
Cameroon,CMR,3.8480000000000003,11.5021,4890,7307515.0,0.563,58.9,12.7,6.3,3291.0,5.250737667,8.133470535,0.676825225,52.70000076,0.816304982,0.032506917,0.8844416140000001,0.642436504,0.35564240799999997,0.6452263,,,2.921313524,0.55636251,,0.438333333,0.521751046,,,,,,,,265136.0,10268.0,2579.0,25.1,,,26545863.0,56.0,-4800.0,4.6,19.0,0.56,,,,,,,,,,77.80983606557375,69.2983606557377,89.24590163934423,999.900000000001,3.6065573770491803,16.391803278688524,0.5081967213114754
Canada,CAN,671.7607,-1237.6289,87119,,0.922,82.3,16.1,13.3,43602.0,7.175496578,10.70124817,0.922718763,73.59999847,0.9457829,0.09796612699999999,0.37174084799999996,0.8236686590000001,0.25939765600000003,0.610466897,,,1.7644574640000001,0.245900393,,0.3368,0.46544224,,,,,0.38546919799999996,0.418500453,,89380000.0,1405284.0,82480.0,5.9,2.52,91.6,37742154.0,4.0,242032.0,1.5,41.0,0.81,163.47,95.09,60.33,71.58,67.62,7.97,33.87,27.83,50.57,21.64157973174367,12.329955290611025,62.065722801788375,812.2199701937456,5.828315946348731,14.478822652757072,0.23695976154992549
Central African Republic,CAF,6.6111,20.9394,652,1804550.0,0.381,52.8,7.6,4.3,777.0,3.475862026,6.494116783,0.319589138,45.20000076,0.645252347,0.09375435900000001,0.8895660040000001,0.6138651970000001,0.599335492,0.650284886,-1.5231218340000001,-1.538732529,2.807073832,0.807590723,,0.499,0.715371251,,,,,,,,,,,,,,4829767.0,8.0,-40000.0,4.8,18.0,0.43,,,,,,,,,,82.23934426229506,69.69344262295083,97.40983606557373,972.1360655737708,3.3950819672131143,4.939672131147541,0.18032786885245902
Chad,TCD,15.4542,18.7322,687,2779489.0,0.401,54.0,7.5,2.4,1716.0,4.4863252639999995,7.472574711,0.57725358,48.20000076,0.650354564,0.011340086000000001,0.762879312,0.552737296,0.543836236,0.57743603,,,3.107621431,0.6926875109999999,,0.4155,0.60765475,,,,,,,,,,,,,,16425864.0,13.0,2000.0,5.8,17.0,0.23,,,,,,,,,,,,,,,,
Chile,CHL,-35.6751,-71.543,73997,,0.847,80.0,16.5,10.4,21972.0,6.436220646000001,10.06591988,0.890084922,69.90000153,0.78853035,-0.070615843,0.8162974120000001,0.8325622079999999,0.275820225,0.334744155,,,2.152998447,0.33451283,,0.491571429,0.434312701,,,0.22066666199999999,0.213770002,0.221766666,0.12470907699999999,0.126401633,19517185.0,341347.0,39542.0,11.6,2.11,79.1,19116201.0,26.0,111708.0,1.7,35.0,0.85,119.76,42.5,54.77,65.44,43.62,14.93,35.44,65.78,90.21,71.0098360655738,55.9081967213115,89.9967213114754,987.4852459016396,5.011475409836063,0.0,0.01639344262295082
China,CHN,1083.3367,3684.4197,84102,0.0,0.758,76.7,13.9,7.9,16127.0,5.131433964,9.694375992000001,0.787605345,69.30000305,0.895377696,-0.17489916100000003,,0.85578388,0.189639792,,,,2.262859106,0.440979868,,0.425,0.5382056829999999,,,0.5945945979999999,0.504000008,0.544605792,0.496780038,0.6145189999999999,611439830.0,,,,4.34,,1439323776.0,153.0,-348399.0,1.7,38.0,0.61,102.81,60.88,68.17,64.48,40.04,29.06,41.81,80.77,79.19,43.31102831594633,32.73348236462993,54.29269746646807,690.7682563338249,5.259860904123208,3.0396721311475394,0.3452558370591157
Colombia,COL,4.5709,-74.2973,21981,80357.0,0.7609999999999999,77.1,14.6,8.3,12896.0,5.983512402000001,9.511734009,0.870970428,67.69999695,0.850765765,-0.15504799800000002,0.854820907,0.825455189,0.300624102,0.274869502,,,2.682672262,0.44834405200000005,,0.5416,0.506853819,,,,0.10721992,,0.143140495,0.041278295,33704037.0,222210.0,18330.0,8.2,1.7,,50882891.0,46.0,204796.0,1.8,31.0,0.8,105.83,31.12,45.21,67.24,30.66,19.65,47.49,62.83,96.69,58.16229508196722,46.92459016393443,71.5934426229508,753.5409836065571,5.477049180327868,0.16688524590163922,0.5409836065573771
Comoros,COM,-11.6455,43.3333,87,3230.0,0.5379999999999999,64.1,11.2,4.9,2426.0,3.9728195669999997,7.260142326,0.621302962,57.20000076,0.560182333,0.13624751599999999,0.793758333,0.74774158,0.337493658,0.317273706,,,2.8827123639999996,0.7256087059999999,,0.506,0.598217666,,,,,,,,,,,,,,869601.0,467.0,-2000.0,4.2,20.0,0.29,,,,,,,,,,,,,,,,
Congo (Brazzaville),COG,-4.0383,21.7587,487,1039706.0,0.608,64.3,11.6,6.5,5804.0,5.490214347999999,8.473278999,0.6206229329999999,57.90000153,0.69870007,-0.124500982,0.7380201820000001,0.587506592,0.44764617100000004,0.473673612,,,3.346595287,0.609556377,,0.48100000000000004,0.597126544,,,,,,,,333899.0,,,,,,5518087.0,16.0,-4000.0,4.5,19.0,0.7,,,,,,,,,,79.51147540983608,72.01311475409838,85.58688524590161,999.900000000001,6.249180327868853,37.7011475409836,0.6229508196721312
Congo (Kinshasa),COD,-4.0383,21.7587,2297,25021891.0,0.45899999999999996,60.4,9.7,6.8,800.0,4.311033248999999,6.694726944,0.669688404,52.90000153,0.704239547,0.085066363,0.8091818690000001,0.550525904,0.40426206600000003,0.47841229999999996,-1.872269154,-1.551753879,2.642479181,0.612957299,,0.4215,0.63245213,,,,,,,,932043.438522108,2256.0,705.0,31.3,,,89561403.0,40.0,23861.0,6.0,17.0,0.46,,,,,,,,,,79.51147540983608,72.01311475409838,85.58688524590161,999.900000000001,6.249180327868853,37.7011475409836,0.6229508196721312
Costa Rica,CRI,9.7489,-83.7534,951,12.0,0.794,80.1,15.4,8.7,14790.0,7.141074657000001,9.669425964,0.875872433,71.30000305,0.941888332,-0.10419601199999999,0.7813017959999999,0.8700978159999999,0.32586664,0.47997778700000004,,,2.145969629,0.300510734,,0.490882353,0.786516607,,,,,,,,1948546.0,13632.0,733.0,5.4,,,5094118.0,100.0,4200.0,1.8,33.0,0.8,,,,,,,,,,74.62786885245902,63.68688524590165,82.33442622950818,904.7590163934426,13.886885245901635,3.2795081967213116,0.06557377049180328
Cote d'Ivoire,CIV,7.54,-5.5471,2423,3373486.0,0.516,57.4,9.6,5.2,3589.0,5.26837492,8.236133575,0.620882571,49.5,0.7125900390000001,-0.036959659,0.7909668679999999,0.6820983890000001,0.385631382,0.535438716,,,3.078240871,0.58428663,,0.42,0.52024436,,,,,,,,779482.0,11278.0,1700.0,15.1,,,26378274.0,83.0,-8000.0,4.7,19.0,0.51,,,,,,,,,,84.48032786885246,73.27377049180326,95.79180327868855,967.9442622950818,5.563934426229509,3.3127868852459015,0.2786885245901639
Croatia,HRV,45.1,15.2,2244,,0.8370000000000001,78.3,15.0,11.4,23061.0,5.536271095,10.06575108,0.909806848,70.19999695,0.6908556220000001,-0.15252924,0.9254083040000001,0.582044125,0.29037597800000003,0.248180911,,,1.7036806340000001,0.307730705,,0.321428571,0.32249015600000003,,,,0.228260875,,,,2093577.0,44886.0,2187.0,4.9,,,4105267.0,73.0,-8001.0,1.4,44.0,0.58,159.01,50.42,75.29,62.68,49.7,13.73,29.11,30.46,89.05,46.44754098360655,35.75737704918034,55.359016393442616,978.9754098360659,4.752459016393442,0.09803278688524591,0.36065573770491804
Cuba,CUB,22.0,-80.0,1947,,0.778,78.7,14.4,11.8,7811.0,5.417868614,9.67642498,0.9695951340000001,68.44000244,0.281457931,,,0.646711767,0.276601523,0.513175547,-0.706359327,-0.543394327,2.1301300530000002,0.393167526,,,,,,,,,,,560754.332,65509.0,1754.0,2.7,,,11326616.0,106.0,-14400.0,1.6,42.0,0.78,,,,,,,,,,75.04590163934427,66.2295081967213,85.85245901639344,999.900000000001,6.701639344262297,1.6391803278688524,0.01639344262295082
Cyprus,CYP,35.1264,33.4299,937,,0.873,80.8,14.7,12.1,33100.0,6.276443005,,0.825573206,73.69999695,0.7942150240000001,,0.848337233,0.7501224879999999,0.298021138,0.35244044700000005,,,2.128885031,0.339186549,,0.32616666699999997,0.448661059,,,,,,0.098875061,0.075143725,401408.0,85301.0,914.0,1.1,,,1207359.0,131.0,5000.0,1.3,37.0,0.67,147.93,57.41,69.99,51.75,57.93,8.2,23.95,53.55,92.8,53.029508196721316,43.30000000000002,62.814754098360666,999.900000000001,6.818032786885247,0.04852459016393442,0.47540983606557374
Czechia,CZE,49.8175,15.472999999999999,9002,,0.8909999999999999,79.2,16.8,12.7,31597.0,7.034165382,10.41947365,0.929163933,70.30000305,0.790132403,-0.294359624,0.851382256,0.7137001159999999,0.178068101,0.420783311,,,1.6749336719999999,0.238114059,,0.26416666699999997,0.254285723,,,0.302275181,0.285191953,,,,5727200.0,379750.0,8754.0,2.3,6.63,70.1,10708981.0,139.0,22011.0,1.6,43.0,0.74,156.24,62.82,74.48,74.62,46.15,15.42,29.65,40.23,77.13,41.37540983606557,34.34262295081967,47.95081967213115,929.5360655737716,9.427868852459019,3.343606557377048,0.7377049180327869
Denmark,DNK,189.8634,-40.0143,11586,,0.93,80.8,19.1,12.6,48836.0,7.648785591,10.75559425,0.958218873,72.40000153,0.935437799,0.015592853,0.15060743699999998,0.8214226370000001,0.20605281,0.6324784760000001,,,1.6510601040000001,0.215859115,,0.267,0.479050666,,,,,,,,,444915.0,11428.0,2.6,2.61,,5792202.0,137.0,15200.0,1.8,42.0,0.88,192.67,100.88,74.9,80.0,83.0,7.45,28.85,21.33,81.8,43.00327868852458,38.24262295081968,47.60983606557374,722.8524590163937,14.079508196721308,0.03598360655737705,0.0
Djibouti,DJI,11.8251,42.5903,2468,15265.0,0.495,66.6,6.5,4.0,3601.0,4.369193554,7.90300703,0.6329732539999999,54.70000076,0.746439457,-0.065349184,0.518930137,0.579302847,0.180592626,0.678491235,-0.616717458,-0.675337195,2.378350019,0.5443453189999999,,0.430666667,,,,,,,,,,,,,,,988000.0,43.0,900.0,2.8,27.0,0.79,,,,,,,,,,83.10983606557379,74.37540983606556,86.62622950819677,999.900000000001,6.019672131147542,0.027704918032786883,0.03278688524590164
Dominica,DMA,15.415,-61.371,16,,0.7240000000000001,78.1,13.0,7.8,9245.0,,,,,,,,,,,,,,,,,,,,,,,,,,,,,,,71986.0,96.0,,,,0.74,,,,,,,,,,,,,,,,
Dominican Republic,DOM,18.7357,-70.1627,15073,405.0,0.745,73.9,14.1,7.9,15074.0,5.433215617999999,9.626997948,0.8619863390000001,65.80000305,0.866641581,-0.15095129599999998,0.76227355,0.744871855,0.291403025,0.42177102,,,3.39545393,0.624943733,,0.48470588200000003,0.52009505,,,,0.25179857,,,,,,,,,,10847910.0,225.0,-30000.0,2.4,28.0,0.85,,,,,,,,,,80.9754098360656,70.98032786885246,86.64918032786888,999.900000000001,6.9639344262295095,27.86606557377049,0.2786885245901639
Ecuador,ECU,-1.8312,-78.1834,37355,1275.0,0.758,76.8,14.9,9.0,10141.0,6.128010272999999,9.27445507,0.8513450029999999,68.5,0.869363725,-0.104021087,0.8307431940000001,0.876474917,0.328171045,0.402085185,,,2.48578763,0.40564352299999995,,0.496,0.43851190799999995,,,,,,,0.07160699400000001,5365261.0,81392.0,29420.0,36.1,,,17643054.0,71.0,36400.0,2.4,28.0,0.63,125.14,36.08,49.1,70.59,40.98,12.7,37.55,57.0,94.51,76.33934426229511,66.99016393442625,86.24590163934427,979.4098360655746,3.7590163934426237,10.102131147540984,0.6557377049180327
Egypt,EGY,26.0,30.0,17967,0.0,0.7,71.8,13.1,7.3,10744.0,4.005450726,9.293959617999999,0.75882405,61.70000076,0.6816544529999999,-0.22292953699999998,,0.49226075399999997,0.28518378699999997,,,,2.0206060409999997,0.50446409,,0.312,0.323928565,,,,,0.374666661,0.185012802,0.2150089,12340832.0,90000.0,6813.0,7.6,,,102334404.0,103.0,-38033.0,3.3,25.0,0.43,86.54,22.41,53.08,45.84,29.54,13.01,49.78,85.65,91.98,62.46557377049179,46.95081967213113,76.12950819672132,999.900000000001,4.608196721311476,0.0,0.0
El Salvador,SLV,13.7942,-88.8965,1983,0.0,0.667,73.1,12.0,6.9,6973.0,6.276246071,8.911958693999999,0.8239991659999999,66.09999847,0.863207281,-0.096786909,0.826600015,0.871536493,0.265370607,0.323992044,,,2.5163741109999997,0.400936186,,0.457823529,0.444246531,,,,0.14114832900000002,,,,2545105.0,32030.0,587.0,1.8,,,6486205.0,313.0,-40539.0,2.1,28.0,0.73,,,,,,,,,,,,,,,,
Equatorial Guinea,GNQ,1.5,10.0,1043,435143.0,0.588,58.4,9.2,5.6,17796.0,,,,,,,,,,,,,,,,,,,,,,,,,466435.11929849297,,,,,,1402985.0,50.0,16000.0,4.6,22.0,0.73,,,,,,,,,,83.1983606557377,78.39344262295081,87.916393442623,886.2114754098368,4.52622950819672,8.217868852459016,0.26229508196721313
Eritrea,ERI,15.1794,39.7823,39,115928.0,0.434,65.9,5.0,3.9,1708.0,,,,,,,,,,,,,,,,,,,,,,,,,102729.0,,,,,,3546421.0,35.0,-39858.0,4.1,19.0,0.63,,,,,,,,,,,,,,,,
Estonia,EST,58.5953,25.0136,1824,,0.882,78.6,16.1,13.0,30379.0,6.091302395,10.32410717,0.9326937790000001,68.59999847,0.885618389,-0.144664913,0.620677948,0.794730246,0.16318211,0.42020258299999996,,,1.7629237169999998,0.289416552,,0.332461538,0.36719486100000004,,,,0.21057786,,,0.389869928,31981.0,68840.0,1770.0,2.6,4.69,70.4,1326535.0,31.0,3911.0,1.6,42.0,0.68,177.82,71.3,76.86,72.67,50.93,9.06,24.53,19.81,64.28,34.48360655737705,28.896721311475407,40.49836065573769,618.8000000000002,5.426229508196722,83.59819672131137,0.8524590163934426
Eswatini,SWZ,-26.5225,31.4659,256,724.0,0.608,59.4,11.4,6.7,9359.0,4.211565018,8.946770668,0.779269755,,0.709973693,-0.17993772,0.6923411490000001,0.824354708,0.252339154,0.6895487309999999,,,2.426092625,0.576054871,,0.523,0.732568085,,,,,,,,,,,,,,1160164.0,67.0,-8353.0,3.0,21.0,0.3,,,,,,,,,,76.05901639344262,66.71967213114755,89.27704918032785,988.1442622950825,3.083606557377049,0.024262295081967217,0.01639344262295082
Ethiopia,ETH,9.145,40.4897,655,2666954.0,0.47,66.2,8.7,2.8,1782.0,4.3792624469999994,7.524516582,0.740154505,58.5,0.7403430940000001,0.043273505,0.799466252,0.659520864,0.271753967,0.875270963,,,1.9458111519999999,0.444323927,,0.34033333299999996,0.440552592,,,,,,0.22526316300000002,,11501244.0,65760.0,389.0,0.59,,,114963588.0,115.0,30000.0,4.3,19.0,0.21,,,,,,,,,,80.29180327868852,62.15573770491805,90.48032786885247,924.6131147540985,478.8049180327871,3.284918032786885,0.06557377049180328
Fiji,FJI,-17.7134,178.065,18,,0.7240000000000001,67.3,14.4,10.9,9110.0,,,,,,,,,,,,,,,,,,,,,,,,,1670216.0,,,,,,896445.0,49.0,-6202.0,2.8,28.0,0.59,,,,,,,,,,,,,,,,
Finland,FIN,64.0,26.0,6599,,0.925,81.7,19.3,12.4,41779.0,7.85810709,10.63605976,0.9621550440000001,71.90000153,0.9378073809999999,-0.131735161,0.198604837,0.781546414,0.18178065100000002,0.555102229,,,1.42561233,0.181419298,,0.275615385,0.36229419700000004,,0.5717192289999999,,0.479229987,,0.5803785920000001,,13364839.0,160177.0,6493.0,4.1,3.28,,5540720.0,18.0,14000.0,1.5,43.0,0.86,190.22,99.93,76.68,75.79,70.29,8.35,29.9,11.55,58.87,31.554098360655736,27.39180327868853,35.467213114754095,426.6934426229508,9.640983606557374,0.11,0.6885245901639344
France,FRA,91.3624,59.7192,183067,,0.8909999999999999,82.5,15.5,11.4,40511.0,6.665903567999999,10.57335186,0.921463072,73.80000305,0.8163772229999999,-0.141567126,0.581775308,0.767313421,0.282451361,0.38054743399999996,,,1.59904933,0.239884853,,0.320923077,0.360965639,,,,,,0.18764232100000003,,70188028.0,831174.0,132967.0,16.0,5.98,75.6,65273511.0,119.0,36527.0,1.9,42.0,0.82,153.95,80.36,53.21,79.99,74.14,13.04,34.76,43.56,90.25,73.19549180327864,1205.1176229508203,81.31065573770493,616.5008196721304,7.506352459016399,5.211639344262296,0.4385245901639344
Gabon,GAB,-0.8037,11.6094,2135,341980.0,0.7020000000000001,66.2,12.9,8.3,15794.0,4.783009052,9.718316077999999,0.78482759,59.70000076,0.7191354040000001,-0.217487514,0.82286346,0.640691638,0.41766098100000004,0.311373711,,,2.62363863,0.5485330820000001,,0.42200000000000004,0.485094249,,,,,,,,,,,,,,2225734.0,9.0,3260.0,4.0,23.0,0.87,,,,,,,,,,81.59672131147545,72.75245901639342,88.14754098360655,999.900000000001,557.3213114754102,1.645737704918033,0.4098360655737705
Gambia,GMB,13.4432,-15.3101,25,119044.0,0.466,61.7,9.5,3.7,1490.0,4.922099113,7.376553535,0.6847999690000001,55.0,0.7187287809999999,,0.691069543,0.8040121790000001,0.37920770000000004,0.757543445,,,3.1588575839999997,0.641770422,,0.42266666700000005,0.592391193,,,,,,,,53735.0,,,,,,2416668.0,239.0,-3087.0,5.3,18.0,0.59,,,,,,,,,,85.1934426229508,67.11803278688525,103.4524590163935,57.837704918032784,19.75409836065574,0.0,0.0
Georgia,GEO,42.3154,43.3569,731,0.0,0.7859999999999999,73.6,15.4,12.8,9570.0,4.659097195,9.229100227,0.617218554,64.5,0.7751441,-0.219247594,0.754853785,0.5729534629999999,0.24377891399999999,0.30000618100000004,,,2.223053217,0.47714248299999995,,0.380117647,0.41981205299999996,,,,0.17679283,,0.176588625,,516034.0,,,,,,3989167.0,57.0,-10000.0,2.1,38.0,0.58,115.95,24.88,79.79,51.24,28.48,14.21,36.02,71.09,84.2,38.76557377049181,29.286885245901644,50.37213114754098,999.900000000001,4.1491803278688515,18.064426229508193,0.26229508196721313
Germany,DEU,51.0,9.0,180600,,0.9390000000000001,81.2,17.1,14.1,46946.0,7.118364334,10.73094463,0.9197631479999999,72.19999695,0.8768875,0.030199649,0.49567395399999997,0.7802804109999999,0.243214577,0.592990577,,,1.6235891580000001,0.22808457899999998,,0.306222222,0.283512622,,,,0.321322799,,0.343591362,0.447487652,109796202.17431,3595059.0,176007.0,4.9,8.0,79.8,83783942.0,240.0,543822.0,1.6,46.0,0.76,179.78,102.36,65.19,73.32,65.26,9.38,30.98,29.03,83.0,42.05245901639344,35.86557377049181,47.904918032786895,999.900000000001,8.506557377049178,72.12393442622943,0.7377049180327869
Ghana,GHA,7.9465,-1.0232,6808,7805045.0,0.596,63.8,11.5,7.2,4099.0,5.481310843999999,8.349396706,0.669111073,56.79999924,0.783046365,0.082861453,0.8386099929999999,0.702511728,0.247518942,0.670288563,0.339194328,-0.086163089,2.551119566,0.46542143799999997,,0.426,0.50120151,,,,,,0.084801041,0.050309442,467438.0,137924.0,3091.0,2.2,,,31072940.0,137.0,-10000.0,3.9,22.0,0.57,,,,,,,,,,86.66721311475406,76.96229508196721,96.90327868852458,999.3803278688533,2.99016393442623,1.6636065573770493,0.14754098360655737
Greece,GRC,39.0742,21.8243,2882,,0.872,82.1,17.3,10.5,24909.0,5.40928936,10.13205814,0.793500781,72.40000153,0.564455688,-0.336384535,0.8603023890000001,0.665699065,0.255006582,0.157048658,,,2.07977128,0.38448143,,0.346384615,0.315494269,,,,,,,,15125933.515259802,98877.0,4015.0,4.1,4.21,61.6,10423054.0,81.0,-16000.0,1.3,46.0,0.85,133.07,43.68,59.68,56.21,55.67,10.6,33.84,52.55,94.18,49.527868852459,37.121311475409826,63.98360655737707,242.53114754098348,3.942622950819671,6.663114754098362,0.21311475409836064
Grenada,GRD,12.1165,-61.678999999999995,23,,0.763,72.4,16.6,8.8,12684.0,,,,,,,,,,,,,,,,,,,,,,,,,,1781.0,21.0,10.3,,,112523.0,331.0,-200.0,2.1,32.0,0.35,,,,,,,,,,,,,,,,
Guatemala,GTM,15.7835,-90.2308,3760,4739.0,0.6509999999999999,74.1,10.6,6.5,7378.0,6.626591682000001,8.923428535,0.8411072490000001,64.80000305,0.909538031,-0.011167034,0.7654544120000001,0.871362031,0.262411267,0.45706442,,,2.8404612539999996,0.428645879,,0.523666667,0.634369075,,,,,,0.149302989,,145795.0,,,,,,17915568.0,167.0,-9215.0,2.9,23.0,0.52,,,,,,,,,,67.9704918032787,55.69508196721311,76.64590163934426,999.900000000001,4.11967213114754,24.587704918032784,0.3770491803278688
Guinea,GIN,9.9456,-9.6966,3275,4282165.0,0.466,61.2,9.0,2.7,2211.0,5.25222683,7.633718013999999,0.630433142,54.40000153,0.731157243,0.10001128199999999,0.778393805,0.743881047,0.4404383,0.59172374,,,3.302635193,0.628806651,,0.387,0.6033877129999999,,,,,,,,,7369.0,1856.0,25.2,,,13132795.0,53.0,-4000.0,4.7,18.0,0.39,,,,,,,,,,81.83934426229509,64.90327868852458,96.95901639344267,963.2442622950821,328.3295081967213,0.002622950819672131,0.04918032786885246
Guinea-Bissau,GNB,11.8037,-15.1804,1178,107972.0,0.461,58.0,10.5,3.3,1593.0,,,,,,,,,,,,,,,,,,,,,,,,,,,,,,,1968001.0,70.0,-1399.0,4.5,19.0,0.45,,,,,,,,,,,,,,,,
Guyana,GUY,5.0,-58.75,137,24913.0,0.67,69.8,11.5,8.5,7615.0,5.992826462000001,8.577043533,0.8487651940000001,57.25999832,0.694005668,0.115566313,0.8355690840000001,0.7675405740000001,0.29641977,0.464712054,-0.22879523,-0.424650729,1.8410713669999998,0.307212532,,,,,,,,,,,26069.0,,,,,,786552.0,4.0,-6000.0,2.5,27.0,0.27,,,,,,,,,,78.49180327868854,69.64590163934426,89.18688524590165,158.9,6.655737704918032,0.08524590163934427,0.5081967213114754
Haiti,HTI,18.9712,-72.2852,958,32011.0,0.503,63.7,9.5,5.4,1665.0,3.614928007,7.416091918999999,0.537975907,55.70000076,0.591468394,0.420986384,0.7204447390000001,0.5841133000000001,0.35872003399999997,0.367896646,,,3.0767302510000003,0.851117969,,0.41100000000000003,0.669433951,,,,,,,,,,,,,,11402528.0,414.0,-35000.0,3.0,24.0,0.57,,,,,,,,,,,,,,,,
Holy See,VAT,41.9029,12.4534,12,,,,,,,,,,,,,,,,,,,,,,,,,,,,,,,,,,,,,801.0,2003.0,,,,,,,,,,,,,,55.142622950819664,42.859016393442644,61.8327868852459,999.900000000001,4.981967213114754,14.752622950819672,0.29508196721311475
Honduras,HND,15.2,-86.2419,4189,1695.0,0.623,75.1,10.2,6.6,4258.0,5.908423901,8.439203262000001,0.8270670179999999,67.19999695,0.872161686,0.10572869300000001,0.803564787,0.871844649,0.287357897,0.39891368200000005,,,3.134720325,0.530551016,,0.5466875,0.672158837,,,,,,,,411989.0,,,,,,9904607.0,89.0,-6800.0,2.5,24.0,0.57,,,,,,,,,,77.56065573770492,66.21803278688527,88.87540983606559,999.900000000001,2.011475409836065,0.010327868852459017,0.14754098360655737
Hungary,HUN,47.1625,19.5033,3756,,0.845,76.7,15.1,11.9,27144.0,6.065038681,10.19531918,0.8767475490000001,67.19999695,0.6611659529999999,-0.145813331,0.886361301,0.735184252,0.18092127100000002,0.377770513,0.589618564,0.445649564,1.7924091819999999,0.295531362,,0.29791666699999997,0.330753207,,0.331434399,,0.22461538,,0.28884217100000004,,31226848.0,159260.0,3713.0,2.3,7.02,65.5,9660351.0,107.0,6000.0,1.5,43.0,0.72,128.16,47.55,64.92,47.8,40.85,14.77,35.78,48.29,79.48,42.32622950819671,32.61803278688526,52.16065573770493,967.2377049180337,7.316393442622953,1.691967213114754,0.5245901639344263
Iceland,ISL,64.9631,-19.0208,1804,,0.938,82.9,19.2,12.5,47566.0,7.476213932,10.74684143,0.966752827,73.0,0.938783288,0.24332368399999998,0.7268453840000001,0.895254552,0.148160011,0.36504194100000004,1.3744952680000002,1.5818408730000002,1.6300908330000001,0.21803695,,0.280833333,0.33243790300000003,,,,,,,,7819740.55998243,56742.0,1802.0,3.2,3.06,,341243.0,3.0,380.0,1.8,37.0,0.94,181.75,79.44,76.64,65.92,100.48,6.74,20.1,16.21,68.81,43.81311475409835,38.37704918032785,49.14426229508198,445.8049180327868,12.372131147540985,0.0719672131147541,0.0
India,IND,21.0,78.0,144950,9590000.0,0.647,69.4,12.3,6.5,6829.0,3.818068743,8.830280304,0.638051987,60.09999847,0.890443385,0.071806304,0.80526334,0.65728718,0.357458085,0.753280878,,,2.2123527530000002,0.579442859,,0.35100000000000003,0.428205669,,,0.335200012,0.328431368,0.388611376,0.206896558,0.321496308,164035637.545,2834798.0,125101.0,4.4,,,1380004385.0,464.0,-532687.0,2.2,28.0,0.35,108.63,54.3,56.68,67.13,24.58,11.38,46.99,78.87,64.87,81.24262295081967,62.380327868852476,88.572131147541,999.900000000001,1.9262295081967231,0.006721311475409836,0.01639344262295082
Indonesia,IDN,-0.7893,113.9213,22750,1530566.0,0.7070000000000001,71.5,12.9,8.0,11256.0,5.340295792,9.362827301,0.809378862,62.09999847,0.879374385,0.49937781700000006,0.867729425,0.863717854,0.295986801,0.837602735,,,2.530802488,0.473906785,,0.395,0.46434718399999997,,,,,0.45699998700000005,0.410996199,,115154100.909,178602.0,17025.0,15.7,,,273523615.0,151.0,-98955.0,2.3,30.0,0.56,97.47,25.05,54.16,60.48,37.27,18.88,43.11,66.56,74.15,83.94426229508197,75.66721311475408,91.87868852459019,6.322950819672131,1.5622950819672128,11.592295081967212,0.4098360655737705
Iran,IRN,32.0,53.0,137724,60.0,0.797,76.5,14.7,10.0,18166.0,4.278117657,9.886064529,0.6737647059999999,66.0,0.603319883,0.044715501,0.7034397720000001,0.553196609,0.493148893,0.549940705,,,2.375708342,0.555316269,,0.4134,0.44058615,,,,,0.554280698,0.10536182699999999,,25604871.412779,763913.0,131652.0,17.2,,,83992949.0,52.0,-55000.0,2.2,32.0,0.76,74.14,22.69,50.75,51.7,39.01,25.11,48.01,77.45,70.99,44.95737704918031,32.268852459016394,58.09016393442622,798.3508196721311,7.17704918032787,0.013114754098360656,0.11475409836065574
Iraq,IRQ,33.0,44.0,4632,0.0,0.6890000000000001,70.5,11.1,7.3,15365.0,4.462399006,9.659119606,0.695109367,59.59999847,0.627722025,-0.037714854,0.757108808,0.505288541,0.59053874,0.42405077799999996,-1.689633727,-1.369387388,2.899484873,0.6497592329999999,,0.2905,0.55036813,,,,,0.464239269,0.391369611,0.300000012,2075065.8,120604.0,2543.0,2.1,,,40222493.0,93.0,7834.0,3.7,21.0,0.73,,,,,,,,,,57.813114754098336,47.022950819672126,68.7032786885246,999.900000000001,7.024590163934427,0.035081967213114754,0.32786885245901637
Ireland,IRL,53.1424,-7.6921,24698,,0.9420000000000001,82.1,18.8,12.5,55660.0,6.962335587,11.16332817,0.937862396,72.30000305,0.861471593,0.139783427,0.36221024399999996,0.8108572359999999,0.21305006699999998,0.618405282,,,1.8637881280000002,0.267695814,,0.326153846,0.366410613,,,,,,,,167598633.0,295626.0,24251.0,8.2,,,4937786.0,72.0,23604.0,1.8,38.0,0.63,153.53,80.88,54.57,51.89,75.91,7.49,37.68,33.99,89.13,43.81311475409835,38.37704918032785,49.14426229508198,445.8049180327868,12.372131147540985,0.0719672131147541,0.0
Israel,ISR,31.0,35.0,16734,,0.9059999999999999,82.8,16.0,13.0,33650.0,6.92717886,10.4245739,0.90959543,73.30000305,0.7246623040000001,0.052549962,0.770134807,0.66348964,0.28206256,0.42232972399999996,,,1.7349070309999999,0.2504493,,0.4112,0.261861771,,,,,0.230252102,,,7404373.0,522982.0,16665.0,3.2,3.02,93.3,8655535.0,400.0,10000.0,3.0,30.0,0.93,149.94,78.09,70.4,73.29,81.15,12.83,35.91,57.25,93.78,55.46393442622952,47.222950819672135,65.92131147540981,984.5557377049183,999.900000000001,0.005245901639344262,0.0
Italy,ITA,43.0,12.0,230158,,0.883,83.4,16.2,10.2,36141.0,6.516526699,10.48051643,0.912656128,73.59999847,0.650009274,-0.023462268999999997,0.8878248329999999,0.649023056,0.40297535100000004,0.206626192,,,1.522744656,0.23367427300000002,,0.344,0.457490861,,,,,,0.282520324,,27630435.6,3243398.0,228006.0,7.0,3.18,78.9,60461826.0,206.0,148943.0,1.3,47.0,0.69,140.76,65.59,55.74,66.59,67.26,9.71,34.42,55.63,92.27,48.481967213114764,38.78524590163934,54.5704918032787,999.900000000001,4.163934426229509,0.06131147540983607,0.2786885245901639
Jamaica,JAM,18.1096,-77.2975,556,,0.726,74.4,13.1,9.8,7932.0,5.889759064,9.011104584,0.91302985,67.09999847,0.8606763479999999,-0.128097996,0.8827961679999999,0.769282162,0.243399635,0.34820175200000003,0.47238034,0.07647200700000001,2.399337769,0.40737453100000004,,0.469,0.56453526,,,,,,,,180951.272,7465.0,507.0,6.8,,,2961167.0,273.0,-11332.0,2.0,31.0,0.55,,,,,,,,,,80.92622950819671,72.88196721311478,88.37049180327868,15.213114754098356,9.801639344262295,0.0042622950819672135,0.26229508196721313
Japan,JPN,36.0,138.0,16581,,0.915,84.5,15.2,12.8,40799.0,5.793575287,10.58161831,0.886431932,75.0,0.77347213,-0.272972286,0.686784506,0.7033550140000001,0.18530015600000002,0.38488039399999996,,,1.916025519,0.330715567,,0.321,0.41866180299999994,,0.407622576,0.375865489,,0.396475762,0.3658759,0.359394193,126387527.0,221397.0,16251.0,7.3,13.05,75.5,126476461.0,347.0,71560.0,1.4,48.0,0.92,167.99,87.28,79.34,81.14,83.35,13.0,39.15,39.59,84.79,38.45901639344264,28.59016393442623,47.20819672131146,927.0475409836066,6.744262295081969,0.06754098360655737,0.5245901639344263
Jordan,JOR,31.24,36.51,711,,0.723,74.4,11.9,10.5,8268.0,4.638933659,9.024435042999999,0.799544334,66.80000305,0.762420297,-0.183489695,,,,,,,2.7644605639999997,0.595925868,,0.34299999999999997,0.391051114,,,,,0.274104685,0.30873093,0.132499993,3383805.0,,,,,,10203134.0,115.0,10220.0,2.8,24.0,0.91,112.4,34.88,59.17,64.6,53.67,8.42,42.03,77.78,89.05,48.94098360655738,39.27704918032787,60.45081967213115,933.8295081967216,8.178688524590164,4.98704918032787,0.639344262295082
Kazakhstan,KAZ,48.0196,66.9237,8969,0.0,0.8170000000000001,73.2,15.3,11.8,22168.0,6.00763607,10.111166,0.936656713,64.59999847,0.84018296,-0.108595312,0.82378298,0.69319874,0.16154228199999998,0.615031958,,,1.8786886930000002,0.31271678199999997,,0.305866667,0.38401079200000005,,,,,,,0.383327454,7143797.0,422011.0,5279.0,1.3,,,18776707.0,7.0,-18000.0,2.8,31.0,0.58,88.31,38.36,37.98,50.7,30.64,10.86,31.08,75.15,39.78,21.798360655737703,14.521311475409835,27.70491803278688,950.3967213114757,252.13606557377045,26.23016393442623,0.36065573770491804
Kenya,KEN,-0.0236,37.9062,1286,3520384.0,0.579,66.3,11.1,6.6,3052.0,4.655702591,8.03267765,0.706719875,60.09999847,0.8214129809999999,0.30665308199999997,0.844244063,0.7591028809999999,0.23692077399999997,0.6753672959999999,,,2.7492306230000003,0.5905082229999999,,0.4365,0.584187031,,,,,,,,5935831.09691728,32097.0,672.0,2.1,,,53771296.0,94.0,-10000.0,3.5,20.0,0.28,70.56,27.32,38.34,55.59,40.21,31.63,56.65,76.6,99.79,67.17540983606557,57.86721311475408,76.96721311475409,999.900000000001,1.8786885245901637,1.7872131147540984,0.36065573770491804
"Korea, South",KOR,36.0,128.0,11225,436.0,0.9059999999999999,82.8,16.4,12.2,36757.0,5.840231419,10.51157761,0.79772383,73.59999847,0.600161672,-0.09396584300000001,0.7968258859999999,0.66120857,0.217145726,0.389084011,,,2.043847322,0.34995999899999997,,0.319,0.39859095200000005,,0.380174279,0.341741264,0.302642107,0.273333341,0.28249746600000003,0.265923262,88157579.0,802418.0,11142.0,1.4,12.27,,51269185.0,527.0,11731.0,1.1,44.0,0.82,139.02,85.21,71.98,81.97,78.18,17.37,39.57,62.48,68.39,39.10327868852459,28.04426229508197,47.616393442622964,941.9262295081969,5.754098360655738,0.06819672131147542,0.0
Kosovo,XKX,42.602636,20.902977,1038,,,,,,,6.391825676,,0.82240653,65.14982605,0.88973701,,0.9220781920000001,0.7782713170000001,0.170248464,0.34754654799999996,,,2.56380105,0.401106209,,0.289909091,0.402302265,,,,,,,,,11585.0,978.0,8.4,,,,,,,,,,,,,,,,,,41.418032786885256,29.993442622950816,52.714754098360665,999.900000000001,6.126229508196719,47.53622950819669,0.5245901639344263
Kuwait,KWT,29.5,47.75,21967,,0.8079999999999999,75.4,13.8,7.3,71164.0,6.093905449,11.09027195,0.8534913059999999,66.5,0.884181619,-0.039013941,,0.692071915,0.30732080300000003,,-0.323726535,-0.11457786,2.355753183,0.386575282,,,0.591861427,,,,,,,0.291536063,6464847.0,,,,,,4270571.0,240.0,39520.0,2.1,37.0,,115.75,85.59,65.25,56.21,50.37,12.28,34.44,68.69,20.22,64.04426229508194,53.10655737704918,76.77540983606558,999.900000000001,4.875409836065571,0.01081967213114754,0.0
Kyrgyzstan,KGZ,41.2044,74.7661,1433,0.0,0.674,71.3,13.4,10.9,3317.0,5.297383308,8.151305199,0.8981478209999999,64.09999847,0.94494766,0.287731975,0.907405317,0.763270557,0.203300148,0.49706554399999997,,,1.901606202,0.35897085100000004,,0.304117647,0.388922274,,,,,0.165867686,,0.377253801,709198.9324798121,58030.0,843.0,1.5,,,6524195.0,34.0,-4000.0,3.0,26.0,0.36,,,,,,,,,,21.239344262295084,10.13934426229508,32.05573770491803,798.8163934426232,52.14918032786887,21.30934426229508,0.22950819672131148
Laos,LAO,19.856270000000002,102.495496,19,20712.0,0.604,67.6,11.1,5.2,6317.0,4.85940218,8.813603401,0.70473814,58.70000076,0.906660974,0.140599459,0.634239852,0.852213562,0.331882507,,,,2.161453962,0.444798321,,0.348,0.552090645,,,,,,,,1251961.7858552,,,,,,7275560.0,32.0,-14704.0,2.7,24.0,0.36,,,,,,,,,,,,,,,,
Latvia,LVA,56.8796,24.6032,1049,,0.8540000000000001,75.2,16.0,12.8,26301.0,5.901154041,10.18411732,0.913276315,66.80000305,0.608207643,-0.21699953100000002,0.7989492420000001,0.585233271,0.191870555,0.19716229999999998,,,1.718401551,0.29119753800000003,,0.360333333,0.330420047,,,,0.239166662,,,,4058762.0,96366.0,1030.0,1.0,5.57,71.1,1886198.0,30.0,-14837.0,1.7,44.0,0.69,150.0,52.48,63.05,62.91,47.94,8.85,32.89,33.73,74.7,37.48196721311475,34.41967213114753,40.285245901639335,364.88032786885253,114.74262295081967,0.0,0.0
Lebanon,LBN,33.8547,35.8623,1119,,0.73,78.9,11.3,8.7,11136.0,5.167186737,9.507958412,0.8293806309999999,67.09999847,0.60703069,-0.066325933,0.906650305,0.463880777,0.27068889100000004,0.219074845,,,2.150793314,0.416240692,,0.318,0.319639176,,,,,,,0.098333336,2981937.0,53269.0,870.0,1.6,,,6825445.0,667.0,-30012.0,2.1,30.0,0.78,106.56,44.47,56.64,64.38,60.5,13.23,37.38,88.37,94.74,47.7639344262295,40.1409836065574,57.695081967213106,894.6360655737703,0.6852459016393443,0.16950819672131148,0.5245901639344263
Lesotho,LSO,-29.609988,28.233608,2,,0.518,53.7,10.7,6.3,3244.0,3.795300722,7.955478668,0.768551648,47.29999924,0.7565051909999999,-0.153132945,0.796859443,0.7462017540000001,0.255303085,0.695299149,-0.10593645300000001,-0.368156135,2.8437769410000002,0.749288976,,0.529,0.59147799,,,,,,,,,,,,,,2142249.0,71.0,-10047.0,3.2,24.0,0.31,,,,,,,,,,,,,,,,
Liberia,LBR,6.4281,-9.4295,265,911333.0,0.465,63.7,9.6,4.7,1040.0,4.134852886,6.630169867999999,0.726750135,56.09999847,0.7657695409999999,0.09600263099999999,0.867924094,0.659731567,0.436099499,0.70391202,,,3.718958378,0.8994173409999999,,0.3485,0.661966324,,,,,,,,,,,,,,5057681.0,53.0,-5000.0,4.4,19.0,0.53,,,,,,,,,,82.29836065573768,75.2885245901639,91.93114754098357,999.900000000001,4.062295081967213,16.391803278688524,0.4426229508196721
Libya,LBY,26.3351,17.228331,75,,0.708,72.7,12.8,7.6,11685.0,5.493977547,,0.824165165,62.29999924,0.7805585270000001,,0.645838797,0.705535412,0.398903102,,,,2.472342968,0.45000967399999997,,,0.5967540139999999,,,,,,,0.100856394,927153.880702403,,,,,,6871292.0,4.0,-1999.0,2.3,29.0,0.78,,,,,,,,,,,,,,,,
Liechtenstein,LIE,47.14,9.55,82,,0.917,80.5,14.7,12.5,99732.0,,,,,,,,,,,,,,,,,,,,,,,,,,,,,,,38128.0,238.0,,,,0.15,,,,,,,,,,42.54262295081966,34.8016393442623,52.277049180327865,960.0262295081968,101.40819672131146,0.12262295081967214,0.7049180327868853
Lithuania,LTU,55.1694,23.8813,1635,,0.8690000000000001,75.7,16.5,13.0,29775.0,6.308878899,10.33951187,0.929350138,67.30000305,0.698945105,-0.24097855399999998,0.851745069,0.516805112,0.21355971699999998,0.323758096,,,1.953950167,0.309714317,,0.355,0.330166399,,,,0.213082254,,,,26031.0,259043.0,1604.0,0.62,6.56,73.2,2722289.0,43.0,-32780.0,1.7,45.0,0.71,159.42,57.85,66.94,69.49,44.28,10.9,26.08,28.8,67.76,37.69508196721311,32.2360655737705,42.416393442622955,999.900000000001,8.00819672131147,85.23737704918021,0.8688524590163934
Luxembourg,LUX,49.8153,6.1296,3993,,0.909,82.1,14.2,12.2,65543.0,7.2426309589999995,11.45392799,0.902192414,72.59999847,0.883929849,-0.025496062000000003,0.385146111,0.750309467,0.201894343,0.755200863,,,1.3447816369999999,0.185675845,,0.316076923,0.326442361,,,,,,,,2099102.0,64981.0,3980.0,6.1,4.66,70.7,625978.0,242.0,9741.0,1.5,40.0,0.88,,,,,,,,,,41.045901639344244,35.30327868852459,47.20819672131148,999.900000000001,9.41803278688525,0.1542622950819672,0.8524590163934426
Madagascar,MDG,-18.7669,46.8691,542,2324289.0,0.521,66.7,10.4,6.1,1404.0,4.070586681,7.279894829,0.665512979,59.09999847,0.551473081,0.00569242,0.889145672,0.752341032,0.362013817,0.442305923,,,2.574611664,0.6324915289999999,,0.43075,0.576086402,,,,,,,,541290.0,,,,,,27691018.0,48.0,-1500.0,4.1,20.0,0.39,,,,,,,,,,,,,,,,
Malawi,MWI,-13.254307999999998,34.301525,101,4303543.0,0.485,63.8,11.0,4.6,1159.0,3.3346335889999996,7.005932331,0.527843475,57.59999847,0.798915148,0.06506087599999999,0.765963793,0.586300433,0.36489403200000003,0.572984874,,,3.128339529,0.9381359220000001,,0.42700000000000005,0.7023301120000001,,,,,,,,10545.0,961.0,41.0,4.3,,,19129952.0,203.0,-16053.0,4.3,18.0,0.18,,,,,,,,,,,,,,,,
Malaysia,MYS,2.5,112.5,7417,85.0,0.804,76.0,13.5,10.2,27227.0,5.338817596,10.23550415,0.789408565,67.0,0.874548256,0.112881355,0.894131124,0.824454665,0.200366735,0.7323983909999999,,,1.642822981,0.307712883,,0.439833333,0.44476220000000005,,,,,,0.08825978599999999,0.085384615,60481772.0,500469.0,7185.0,1.4,,,32365999.0,99.0,50000.0,2.0,30.0,0.78,118.44,64.49,41.16,68.1,39.12,9.94,37.03,63.18,57.92,80.2983606557377,74.5229508196721,88.76721311475407,7.555737704918036,3.008196721311475,0.37180327868852453,0.6885245901639344
Maldives,MDV,3.2028,73.2207,1395,,0.7190000000000001,78.6,12.1,6.8,12549.0,,,,,,,,,,,,,,,,,,,,,,,,,1147247.0,,,,,,540544.0,1802.0,11370.0,1.9,30.0,0.35,,,,,,,,,,84.9016393442623,80.75901639344264,89.18196721311476,11.001639344262301,10.267213114754098,0.004426229508196722,0.19672131147540983
Mali,MLI,17.570692,-3.9961660000000006,1059,7160192.0,0.42700000000000005,58.9,7.6,2.4,1965.0,4.415729523,7.627428055,0.6918590659999999,51.70000076,0.737204552,-0.031888556,0.793091416,0.770017266,0.369648188,0.510795414,,,2.631044626,0.5958346720000001,,0.372666667,0.598786891,,,,,,0.17155756100000003,,,,,,,,20250833.0,17.0,-40000.0,5.9,16.0,0.44,,,,,,,,,,,,,,,,
Malta,MLT,35.9375,14.3754,611,,0.885,82.4,15.9,11.3,34795.0,6.909710884,,0.9315415020000001,72.19999695,0.927340686,,0.5951998829999999,0.721224427,0.295698792,0.757713675,,,1.81986022,0.26337719,,0.2911,0.385406852,,,,,,,,2576898.0,45967.0,522.0,1.1,,,441543.0,1380.0,900.0,1.5,43.0,0.93,,,,,,,,,,56.83278688524589,51.1360655737705,63.24918032786886,999.900000000001,10.27049180327869,0.002786885245901639,0.18032786885245902
Mauritania,MRT,21.0079,10.9408,262,238272.0,0.527,64.7,8.5,4.6,3746.0,4.3136153219999995,8.196549416,0.8015955090000001,57.0,0.46688854700000004,-0.09545145199999999,0.7105292679999999,0.663382471,0.275557995,0.258394152,,,2.119996548,0.491466284,,0.36875,,,,,,,,,454435.697242701,,,,,,4649658.0,5.0,5000.0,4.6,20.0,0.57,,,,,,,,,,66.60983606557375,52.39344262295083,80.01311475409837,999.900000000001,0.0,0.0,0.0
Mauritius,MUS,-20.2,57.5,334,,0.7959999999999999,74.9,15.0,9.4,22724.0,5.88174057,9.956447601,0.90884155,66.40000153,0.866928101,-0.082134947,0.78524971,0.77395165,0.157993257,0.619251132,,,2.5572583680000003,0.434779197,,0.3575,0.432353795,,,,,,,,1745291.0,98075.0,332.0,0.34,,,1271768.0,626.0,0.0,1.4,37.0,0.41,,,,,,,,,,75.34590163934425,70.8639344262295,81.8426229508197,963.6885245901642,5.854098360655739,0.4004918032786884,0.7540983606557377
Mexico,MEX,23.6345,-102.5528,71105,736.0,0.767,75.0,14.3,8.6,17628.0,6.5495786670000005,9.769919395,0.858068883,68.30000305,0.816200495,-0.181818426,0.8086380959999999,0.88171345,0.213254362,0.294568479,,,2.326329947,0.355187714,,0.4698,0.456424832,,0.176534802,0.305610567,0.294242173,0.207957417,0.154983923,0.12406203199999999,64569640.0,114125.0,36327.0,31.8,1.38,74.0,128932753.0,66.0,-60000.0,2.1,29.0,0.84,118.55,41.81,46.03,70.12,35.72,10.67,39.39,66.1,86.29,57.921311475409865,44.86557377049182,70.95081967213115,999.900000000001,8.421311475409837,8.195901639344262,0.08196721311475409
Moldova,MDA,47.4116,28.3699,7147,,0.711,71.8,11.6,11.6,6833.0,5.682277203,8.592376709,0.89207989,65.0,0.823824346,-0.033677354,0.928719878,0.58171463,0.27007246,0.237631857,,,2.034441233,0.358032733,,0.32605882399999997,0.40068960200000003,,,,0.218495935,0.141357049,0.175908223,,1135999.0,,,,,,4033963.0,123.0,-1387.0,1.3,38.0,0.43,,,,,,,,,,41.393442622950815,31.696721311475418,51.46065573770492,300.67049180327865,20.431147540983616,8.221311475409836,0.39344262295081966
Monaco,MCO,43.7333,7.4167,98,,,,,,,,,,,,,,,,,,,,,,,,,,,,,,,316.0,,,,,,39242.0,26337.0,,,,,,,,,,,,,,46.93442622950822,41.76721311475411,51.44590163934426,999.900000000001,754.9721311475415,4.917540983606557,0.06557377049180328
Mongolia,MNG,46.8625,103.8467,141,,0.735,69.7,14.2,10.2,10784.0,5.464622974,9.41570282,0.9415141340000001,62.29999924,0.695546806,0.040724155,0.8485022190000001,0.654125035,0.191890299,0.270371318,,,2.010124445,0.367843211,,0.33399999999999996,0.364350021,,,,,,,,670360.0,,,,,,3278290.0,2.0,-852.0,2.9,28.0,0.67,,,,,,,,,,15.988524590163937,4.263934426229507,27.040983606557372,863.7786885245898,89.36721311475407,8.200491803278688,0.18032786885245902
Montenegro,MNE,42.5,19.3,324,,0.816,76.8,15.0,11.4,17511.0,5.650189877000001,9.732954979,0.8559796209999999,68.5,0.626431286,-0.04869676,0.768922508,0.589933157,0.354935259,0.398499161,,,2.270362854,0.40182063,,0.3094,0.406528622,,,,0.304166675,0.329245269,,,565522.0,8534.0,324.0,3.8,,,628066.0,47.0,-480.0,1.8,39.0,0.68,,,,,,,,,,50.99180327868852,41.69836065573772,58.94426229508194,143.57868852459012,4.024590163934426,6.724098360655737,0.3114754098360656
Morocco,MAR,31.7917,-7.0926,7532,0.0,0.6759999999999999,76.5,13.1,5.5,7480.0,4.896791935,8.937397957,0.553759754,65.90000153,0.773180425,-0.245612621,0.8431727290000001,0.638049185,0.415981561,,,,2.7105112080000002,0.553527951,,0.40266666700000003,0.543106675,,,,,0.23028939999999998,0.12999150199999998,0.124474347,8132917.0,67741.0,6226.0,9.2,,,36910560.0,83.0,-51419.0,2.4,30.0,0.64,105.46,35.25,51.31,45.72,34.32,14.18,36.89,70.64,91.7,59.11311475409837,43.69836065573771,73.00163934426232,894.3016393442624,4.27704918032787,0.002622950819672131,0.06557377049180328
Mozambique,MOZ,-18.665695,35.529562,209,10025823.0,0.446,60.2,9.7,3.5,1154.0,4.653713703,7.039377689,0.7384804490000001,54.20000076,0.896621585,0.053591630999999994,0.691220403,0.639639556,0.397278726,0.8320379259999999,,,3.32643199,0.714790881,,0.48866666700000005,0.784366608,,,,,,,,540124.0,3923.0,91.0,2.3,,,31255435.0,40.0,-5000.0,4.9,18.0,0.38,,,,,,,,,,,,,,,,
Namibia,NAM,-22.9576,18.4904,21,89611.0,0.645,63.4,12.6,6.9,9683.0,4.834087848999999,9.15621376,0.864214778,56.5,0.75390476,-0.17572915600000003,0.845942497,0.7393869759999999,0.240249082,0.62446779,,,2.101937532,0.434815764,,0.6113333329999999,0.7712110879999999,,,,,,,,602893.0,,,,,,2540905.0,3.0,-4806.0,3.4,22.0,0.55,,,,,,,,,,75.74918032786886,63.87704918032785,90.66557377049178,890.839344262295,5.268852459016392,1.7324590163934428,0.03278688524590164
Nepal,NPL,28.1667,84.25,682,3829.0,0.579,70.5,12.2,4.9,2748.0,4.910086632,7.851007462,0.7683355209999999,63.5,0.770093679,0.132780746,0.741752803,0.536977708,0.386792421,0.648398161,,,3.040154457,0.6191651229999999,,0.38299999999999995,0.49789646299999996,,,,,,,,3296953.0,117465.0,487.0,0.41,,,29136808.0,203.0,41710.0,1.9,25.0,0.21,,,,,,,,,,62.14590163934429,50.63770491803281,73.10000000000002,926.5950819672128,3.557377049180326,3.342950819672131,0.2786885245901639
Netherlands,NLD,107.0417,-265.0278,45647,,0.9329999999999999,82.1,18.0,12.2,50013.0,7.463097095,10.8092041,0.939443171,72.30000305,0.919985175,0.155536488,0.370557785,0.8619766240000001,0.20479418300000002,0.656541049,,,1.234732628,0.165445074,,0.286333333,0.46799784899999997,,,,,,0.435723454,0.661756992,43996044.579144,306460.0,44447.0,14.5,3.32,65.4,17134872.0,508.0,16000.0,1.7,43.0,0.92,183.67,90.73,72.38,74.65,73.75,7.51,29.43,27.41,87.61,69.20601092896176,64.59398907103827,74.90655737704913,352.9169398907107,11.833879781420762,22.492240437158443,0.40437158469945356
New Zealand,NZL,-40.9006,174.886,1504,,0.9209999999999999,82.1,18.8,12.7,35108.0,7.370285987999999,10.50147724,0.9538627270000001,73.19999695,0.94930017,0.11675003199999999,0.20658022199999998,0.8453626040000001,0.16795145,0.64246124,,,1.56991601,0.213006124,,,0.388641357,,,,0.483870953,,0.511602223,0.562273264,17249049.9541367,255850.0,1154.0,0.45,2.71,,4822233.0,18.0,14881.0,1.9,38.0,0.87,181.02,92.66,59.07,73.81,72.53,8.52,31.1,23.4,95.46,63.372131147540976,55.021311475409824,70.32950819672129,16.034426229508195,8.422950819672135,0.04622950819672131,0.0
Nicaragua,NIC,12.8654,-85.2072,279,13711.0,0.6509999999999999,74.3,12.2,6.8,4790.0,5.81895256,8.614512443999999,0.8542765379999999,67.5,0.797056854,0.002830009,0.712824762,0.7926493290000001,0.408349842,0.343466878,,,2.711075544,0.465904385,,0.4795,0.429590642,,,,,,,,,,,,,,6624554.0,55.0,-21272.0,2.4,26.0,0.57,,,,,,,,,,,,,,,,
Niger,NER,17.6078,8.0817,951,7702777.0,0.377,62.0,6.5,2.0,912.0,5.164007187,6.844517708,0.612025678,53.5,0.790665627,0.023082649,0.637166798,0.770557642,0.502554536,0.7479238509999999,,,3.570200443,0.6913623809999999,,0.36875,,,,,,,,,,,,,,,24206644.0,19.0,4000.0,7.0,15.0,0.17,,,,,,,,,,,,,,,,
Nigeria,NGA,9.082,8.6753,8068,53667565.0,0.534,54.3,9.7,6.5,5086.0,5.252288342,8.577632904,0.740854204,49.70000076,0.789881051,-0.020767037,0.8656026720000001,0.80526185,0.25646987600000004,0.45174095,,,2.639125586,0.502471566,,0.4155,0.448463321,,,0.216783211,0.17687590399999997,0.253214628,,0.150124371,8169192.31,33970.0,5621.0,16.5,,,206139589.0,226.0,-60000.0,5.4,18.0,0.52,55.65,13.52,36.23,51.59,31.0,16.7,61.08,87.63,60.75,73.30983606557376,61.54426229508195,83.75245901639342,999.900000000001,9.359016393442626,0.0,0.0
North Macedonia,MKD,41.6086,21.7453,1999,,0.759,75.7,13.5,9.7,12874.0,5.239834785,9.503044127999999,0.84891516,67.5,0.744800925,-0.04029087,0.909934342,0.590138078,0.29835286699999997,0.39614158899999996,,,2.150596857,0.41043219,,0.390166667,0.340062618,,,,0.07537688299999999,0.130687699,,,,17544.0,1526.0,8.7,,,2083374.0,83.0,-1000.0,1.5,39.0,0.59,110.46,37.15,61.33,56.38,31.59,12.6,27.61,80.23,76.3,40.94098360655739,34.54262295081967,49.55081967213114,918.8459016393441,25.13442622950819,0.0560655737704918,0.2786885245901639
Norway,NOR,60.472,8.4689,8364,,0.9540000000000001,82.3,18.1,12.6,68059.0,7.444262028,11.08562565,0.965961933,73.19999695,0.9604290129999999,0.075728491,0.26820144100000004,0.827414036,0.21186237,0.6795029640000001,,,1.519595385,0.204129755,,0.272230769,0.33664917899999997,,,,0.647737384,,0.7373046879999999,,,223045.0,8268.0,3.7,3.6,80.7,5421241.0,15.0,28000.0,1.7,40.0,0.83,175.19,88.38,64.57,74.36,101.43,8.77,26.99,20.35,71.37,43.65081967213114,1510.5524590163939,1350.7737704918038,999.900000000001,15.550819672131144,52.45377049180324,0.5245901639344263
Oman,OMN,21.0,57.0,7770,0.0,0.8340000000000001,77.6,14.7,9.7,37039.0,6.852982044,10.64831161,,65.5,0.916293025,-0.008942388,,,0.295164108,,-0.31402507399999996,0.295601457,2.101622581,0.306672722,,,0.4947896,,,,,,,,10438241.0,,,,,,5106626.0,16.0,87400.0,2.9,31.0,0.87,167.09,80.97,79.21,58.15,49.28,9.08,22.8,37.74,67.22,70.12131147540983,56.06229508196721,84.5901639344262,703.0491803278688,8.285245901639348,0.000819672131147541,0.0
Pakistan,PAK,30.3753,69.3451,56349,956280.0,0.56,67.1,8.5,5.2,5190.0,5.471553802000001,8.561663628,0.6850594879999999,58.5,0.77256912,0.053521562,0.798841655,0.567294776,0.376706064,0.58938849,,,2.36315012,0.43189746100000004,,0.315125,0.38166469299999994,,,,0.203742206,0.28150001199999997,,0.22724704399999998,6880637.0,460692.0,52437.0,12.2,,,220892340.0,287.0,-233379.0,3.6,23.0,0.35,105.44,30.57,55.92,60.59,21.98,11.98,38.56,74.25,71.93,56.644262295081965,47.59508196721312,65.81639344262295,891.7967213114752,1.0967213114754104,8.229672131147542,0.14754098360655737
Panama,PAN,8.538,-80.7821,11183,808.0,0.795,78.3,12.9,10.2,20455.0,6.2814340589999995,10.049730300000002,0.904389799,69.59999847,0.861448109,-0.122782208,0.83693099,0.8835805059999999,0.22259874600000001,0.277477711,,,2.532861233,0.40322977299999996,,0.532647059,0.570101619,,,,,,,,12939350.0,38014.0,7731.0,20.3,,,4314767.0,58.0,11200.0,2.5,30.0,0.68,108.36,34.23,52.81,59.93,54.16,12.6,36.48,63.09,67.84,85.33278688524591,69.95737704918032,95.34098360655739,246.6606557377049,69.88032786885245,1.6450819672131147,0.03278688524590164
Papua New Guinea,PNG,-6.315,143.9555,8,1500657.0,0.5429999999999999,64.3,10.0,4.6,3686.0,,,,,,,,,,,,,,,,,,,,,,,,,964713.0,,,,,,8947024.0,20.0,-800.0,3.6,22.0,0.13,,,,,,,,,,,,,,,,
Paraguay,PRY,-23.4425,-58.4438,865,0.0,0.7240000000000001,74.1,12.7,8.5,11720.0,5.71329546,9.085571288999999,0.902042508,65.5,0.891171455,0.018430408,0.809900761,0.902772129,0.231783673,0.381784081,0.037547644,-0.604874909,2.428467274,0.425055444,,0.5133125,0.447035611,,,,,,,,560631.0,13096.0,462.0,3.5,,,7132538.0,18.0,-16556.0,2.4,26.0,0.62,,,,,,,,,,82.40983606557378,71.80163934426227,93.43606557377049,720.1163934426232,4.691803278688524,0.03409836065573771,0.06557377049180328
Peru,PER,-9.19,-75.0152,123979,70745.0,0.759,76.5,13.8,9.2,12323.0,5.679661274,9.434348106,0.84530139,68.09999847,0.8296419979999999,-0.188079551,0.9062446359999999,0.808621466,0.38003286700000005,0.202403098,,,2.6941955089999996,0.474358469,,0.479647059,0.5030609970000001,,,,0.048720066,0.10592938199999999,0.062890917,0.08402942099999999,17758527.272,750526.0,111698.0,14.9,,,32971854.0,26.0,99069.0,2.3,31.0,0.79,85.46,33.95,31.85,56.15,38.65,14.95,48.33,84.13,97.69,80.3131147540984,74.49180327868851,88.41803278688525,992.732786885246,3.5622950819672123,8.39655737704918,0.47540983606557374
Philippines,PHL,13.0,122.0,14319,15253.0,0.7120000000000001,71.1,12.7,9.4,9540.0,5.869172572999999,8.985702515,0.8458032609999999,61.90000153,0.917808175,-0.11312916099999999,0.726483345,0.772846103,0.39348107600000004,0.8020071390000001,,,2.700257778,0.460074693,,,0.474451542,,,,0.055,0.082936019,,0.031518128,43080118.0,287294.0,13597.0,4.7,,,109581078.0,368.0,-67152.0,2.6,26.0,0.47,85.37,23.48,57.84,67.47,37.63,24.6,44.63,74.28,60.81,77.92622950819671,74.06065573770493,82.54262295081968,993.3721311475407,37.31639344262297,1.712295081967213,0.3442622950819672
Poland,POL,51.9194,19.1451,21631,,0.872,78.5,16.4,12.3,27626.0,6.201268196,10.21157646,0.881854117,68.90000153,0.830842614,-0.127978221,,0.677435517,0.20338779699999998,0.502480447,0.651249409,0.678492665,1.6274428369999998,0.262437105,,,0.260087878,,,0.344665885,0.16912402199999998,,0.181796342,0.22211588899999998,9277538.0,719571.0,20379.0,4.0,6.62,,37846611.0,124.0,-29395.0,1.4,42.0,0.6,141.83,59.61,71.5,61.01,40.04,11.38,31.72,54.46,76.14,40.12786885245902,33.559016393442626,46.77540983606557,571.122950819672,8.798360655737707,62.28885245901633,0.639344262295082
Portugal,PRT,39.3999,-8.2245,30788,,0.85,81.9,16.3,9.2,27935.0,5.9198226929999995,10.26201248,0.887113273,72.40000153,0.8774042129999999,-0.262738109,0.87972784,0.679104149,0.317994744,0.520630658,,,2.17062211,0.36667013200000004,,0.367538462,0.41846633,,,,,,,,17367956.0,618066.0,29036.0,4.7,3.39,66.8,10196709.0,111.0,-6000.0,1.3,46.0,0.66,162.91,49.43,70.37,71.88,49.52,12.7,30.0,30.89,97.31,58.37704918032786,51.11967213114755,66.60491803278687,999.900000000001,8.421311475409837,0.05672131147540985,0.4098360655737705
Qatar,QAT,25.3548,51.1839,45465,,0.848,80.1,12.2,9.7,110489.0,6.3745293620000005,11.693157199999998,,68.30000305,,,,,,,-0.074040085,0.8239273429999999,2.25641799,0.353974044,,,0.6531749960000001,,,,,,,0.21427997899999998,29178923.0,175482.0,38651.0,22.0,,,2881053.0,248.0,40000.0,1.9,32.0,0.96,162.29,111.69,88.14,73.3,64.04,5.82,29.72,61.06,36.03,67.16885245901639,56.74262295081968,78.37377049180327,999.900000000001,7.701639344262296,3.279344262295082,0.22950819672131148
Romania,ROU,45.9432,24.9668,18283,,0.816,75.9,14.3,11.0,23906.0,6.150878906,10.11209297,0.81793046,67.19999695,0.84515959,-0.220031843,0.921170175,0.7353425029999999,0.298453927,0.226351306,,,2.196567297,0.357114375,,0.3658,0.348827481,,,,0.17917676300000002,,0.19666475100000003,0.076917417,4908235.0,361566.0,17857.0,4.9,,,19237691.0,84.0,-73999.0,1.6,43.0,0.55,132.44,48.86,72.36,55.06,35.31,11.33,34.75,58.42,77.62,38.55573770491803,28.654098360655738,49.70327868852459,966.2,4.92295081967213,11.490983606557378,0.2786885245901639
Russia,RUS,60.0,90.0,353427,,0.8240000000000001,72.4,15.5,12.0,25036.0,5.513500214,10.13239002,0.908726096,64.30000305,0.7292821999999999,-0.15622630699999998,0.865311563,0.6733462809999999,0.19879630199999998,0.45583874,,,2.181481361,0.39566180100000004,,0.3975,0.39537057299999995,,,0.34727179999999996,0.23235294199999998,,0.247649342,0.28128612,99327311.0,8402747.0,335882.0,4.0,8.05,,145934462.0,9.0,182456.0,1.8,40.0,0.74,102.31,38.94,58.88,57.59,39.21,10.77,45.3,62.79,40.36,14.319672131147541,4.51639344262295,20.20983606557376,271.6213114754098,72.14590163934427,0.057049180327868855,0.7868852459016393
Rwanda,RWA,-1.9403,29.8739,336,6172220.0,0.536,68.7,11.2,4.4,1959.0,3.5610466,7.567531109,0.616172731,61.09999847,0.924231648,0.057107585999999995,0.163809955,0.793367624,0.308199167,0.9881204370000001,,,2.3322699069999997,0.654939473,,0.48200000000000004,0.647505581,,,,,,0.048569527,0.166339234,1073528.0,38834.0,271.0,0.7,,,12952218.0,525.0,-9000.0,4.1,20.0,0.18,,,,,,,,,,69.88524590163937,63.08196721311473,81.3295081967213,958.7213114754104,4.034426229508198,10.28540983606557,0.7704918032786885
Saint Kitts and Nevis,KNA,17.357822,-62.782998,15,,0.777,74.6,13.6,8.5,26770.0,,,,,,,,,,,,,,,,,,,,,,,,,,,,,,,53199.0,205.0,,,,0.33,,,,,,,,,,,,,,,,
Saint Lucia,LCA,13.9094,-60.9789,18,,0.745,76.1,13.9,8.5,11528.0,,,,,,,,,,,,,,,,,,,,,,,,,,,,,,,183627.0,301.0,0.0,1.4,34.0,0.19,,,,,,,,,,80.65573770491804,73.34590163934426,85.45081967213113,96.61803278688521,7.778688524590166,0.07655737704918032,0.5901639344262295
Saint Vincent and the Grenadines,VCT,12.9843,-61.2872,18,,0.728,72.4,13.6,8.6,11746.0,,,,,,,,,,,,,,,,,,,,,,,,,,,,,,,110940.0,284.0,-200.0,1.9,33.0,0.53,,,,,,,,,,80.3639344262295,75.67540983606557,85.95737704918031,31.17049180327869,15.816393442622946,0.052459016393442616,0.6065573770491803
San Marino,SMR,43.9424,12.4578,666,,,,,,,,,,,,,,,,,,,,,,,,,,,,,,,,,,,,,33931.0,566.0,,,,0.97,,,,,,,,,,47.77868852459016,37.41147540983606,57.0573770491803,999.900000000001,5.270491803278687,0.021147540983606557,0.4098360655737705
Sao Tome and Principe,STP,0.18636,6.613081,299,2239.0,0.609,70.2,12.7,6.4,3024.0,,,,,,,,,,,,,,,,,,,,,,,,,,,,,,,219159.0,228.0,-1680.0,4.4,19.0,0.74,,,,,,,,,,,,,,,,
Saudi Arabia,SAU,24.0,45.0,74795,177.0,0.857,75.0,17.0,9.7,49338.0,6.356393337,10.79797173,0.867848396,66.30000305,0.85492152,-0.20956350899999998,,0.764405489,0.288379908,,,,2.32445097,0.36568710200000004,,,0.472084254,,,,,0.505326211,,,39141659.999,418722.0,35432.0,8.5,,,34813871.0,16.0,134979.0,2.3,32.0,0.84,150.56,100.0,73.82,59.11,48.34,2.79,28.61,65.09,45.98,67.30655737704919,55.104918032786884,75.84918032786881,999.900000000001,10.634426229508193,1.6391803278688524,0.03278688524590164
Senegal,SEN,14.4974,-14.4524,3130,1024285.0,0.514,67.7,9.0,3.1,3256.0,4.769377232,7.850693702999999,0.7393547890000001,59.59999847,0.629223466,-0.061628065999999995,0.80477947,0.713894129,0.247074723,0.588927925,,,1.9640820030000001,0.411810994,,0.40233333299999996,0.393896788,,,,,,,,21038.0,22481.0,1886.0,8.4,,,16743927.0,87.0,-20000.0,4.7,19.0,0.49,,,,,,,,,,89.62622950819673,73.25737704918033,103.56557377049188,53.95245901639345,23.23770491803279,0.0,0.03278688524590164
Serbia,SRB,44.0165,21.0059,11193,,0.799,75.8,14.8,11.2,15218.0,5.9364933970000004,9.584803581000001,0.852945328,68.19999695,0.739891827,-0.09851145,0.8637235759999999,0.558940828,0.296295851,0.47614499899999996,,,2.246088505,0.378352731,,,0.35620287100000003,,,,0.284375012,0.18333333699999999,,,2262703.0,140592.0,10114.0,7.2,,,8737371.0,100.0,4000.0,1.5,42.0,0.56,116.3,36.72,62.59,51.27,35.72,18.94,30.43,60.32,83.23,44.47868852459014,34.55245901639345,56.042622950819656,636.295081967213,5.014754098360654,0.06655737704918034,0.3442622950819672
Seychelles,SYC,-4.6796,55.492,11,,0.8009999999999999,73.3,15.5,9.7,25077.0,,,,,,,,,,,,,,,,,,,,,,,,,455201.0,,,,,,98347.0,214.0,-200.0,2.5,34.0,0.56,,,,,,,,,,84.02622950819672,79.10163934426234,89.4393442622951,999.900000000001,6.885245901639345,0.22475409836065569,0.4918032786885246
Sierra Leone,SLE,8.460555000000001,-11.779889,735,2869588.0,0.43799999999999994,54.3,10.2,3.6,1381.0,4.305683136,7.26616621,0.649638355,50.79999924,0.716484487,0.101580702,0.855733216,0.551628053,0.46626666200000005,0.7797262070000001,,,3.048084021,0.7079211470000001,,0.371,0.690721095,,,,,,,,,,,,,,7976983.0,111.0,-4200.0,4.3,19.0,0.43,,,,,,,,,,,,,,,,
Singapore,SGP,1.2833,103.8333,31960,,0.935,83.5,16.3,11.5,83793.0,6.374564171,,0.902840674,76.80000305,0.91607821,,0.096562929,0.787092984,0.10687077800000001,0.8924692870000001,,,1.577076435,0.24740144600000002,,,0.399787635,,,,,0.166693449,,0.373906046,40401515.0,294414.0,28343.0,9.6,,,5850342.0,8358.0,27028.0,1.2,42.0,,144.39,88.96,69.43,70.84,81.1,22.31,41.31,33.48,57.45,83.83606557377048,79.06557377049187,90.86885245901638,999.900000000001,7.459016393442621,39.34032786885245,0.39344262295081966
Slovakia,SVK,48.669,19.699,1511,,0.857,77.4,14.5,12.6,30672.0,6.23511076,10.35223579,0.922378719,68.90000153,0.757634044,-0.179692462,0.909944654,0.75410521,0.25319004100000003,0.327658623,,,1.775069594,0.284689337,,0.26725,0.274584681,,,0.230107531,0.257534236,,,,,156765.0,1504.0,1.0,5.82,67.8,5459642.0,114.0,1485.0,1.5,41.0,0.54,152.53,56.94,70.78,60.02,44.46,10.25,29.11,39.66,78.13,22.195081967213113,16.79508196721312,27.09508196721312,792.3540983606557,24.814754098360655,0.10885245901639344,0.819672131147541
Slovenia,SVN,46.1512,14.9955,1469,,0.902,81.2,17.4,12.3,32143.0,6.249419212,10.39720345,0.9409711959999999,71.09999847,0.942045867,-0.12239641,0.839252532,0.643971622,0.27548486,0.239274636,,,1.946573853,0.311480761,,0.2495,0.34900409,,,,0.1529295,,0.17589892399999998,0.19981238199999998,1094762.0,70220.0,1465.0,2.1,4.5,69.5,2078938.0,103.0,2000.0,1.6,45.0,0.55,172.15,66.31,78.93,64.58,53.43,10.49,27.3,24.06,77.56,42.41967213114753,31.591803278688527,53.895081967213116,939.1524590163938,4.185245901639345,4.9637704918032775,0.18032786885245902
Somalia,SOM,5.1521,46.1996,1689,541768.0,,,,,,4.6679410930000005,,0.594416559,50.0,0.917322814,,0.44080174,0.8914231659999999,0.193282232,0.7006816859999999,-2.134840965,-2.125517845,2.17738986,0.466456145,,,0.491746068,,,,,,,,4486.0,,,,,,15893222.0,25.0,-40000.0,6.1,17.0,0.47,,,,,,,,,,85.59016393442624,77.18196721311476,89.41147540983607,997.5442622950828,13.806557377049185,0.0,0.0
South Africa,ZAF,-30.5595,22.9375,23615,22517.0,0.705,63.9,13.7,10.2,11756.0,4.8839220999999995,9.411724091,0.841343999,56.5,0.752731323,-0.059033662,0.841192603,0.812166572,0.28270849600000003,0.5246858,,,2.7122547630000002,0.555343568,,0.624,0.6857746840000001,,0.290300071,0.28258726,0.17572879800000002,0.115162753,,0.232811525,23921748.0700525,460873.0,15515.0,3.4,,,59308690.0,49.0,145405.0,2.4,28.0,0.67,131.97,73.61,22.51,64.14,42.87,3.93,39.43,57.3,95.25,79.66393442622947,67.41803278688522,94.01147540983607,907.7065573770492,5.860655737704919,0.08114754098360656,0.0
South Sudan,SSD,6.877000000000001,31.307,806,1781704.0,0.413,57.6,5.0,4.8,1455.0,2.8166224960000004,,0.556822658,51.0,0.45601108700000004,,0.7612696290000001,0.585602164,0.5173637870000001,0.461550504,-2.138769388,-2.018496752,2.7368376260000002,0.9716735479999999,,0.46299999999999997,0.7030075790000001,,,,,,,,,,,,,,11193725.0,18.0,-174200.0,4.7,19.0,0.25,,,,,,,,,,,,,,,,
Spain,ESP,40.0,-4.0,235400,,0.893,83.4,17.9,9.8,35041.0,6.513370991,10.46559429,0.9103146790000001,74.40000153,0.7222506999999999,-0.079350598,0.776504457,0.659188032,0.35719084700000003,0.285195619,,,1.667077065,0.255946904,,0.345384615,0.359143615,,,0.292382956,0.286672652,0.32690984,0.19837963600000003,0.19077895600000003,80672105.0,3037840.0,230183.0,7.6,2.97,75.3,46754778.0,94.0,40000.0,1.3,45.0,0.8,169.82,72.03,68.04,78.88,53.77,9.37,29.1,39.99,94.19,60.140983606557384,56.33934426229508,64.86229508196723,12.699999999999994,5.8426229508196705,0.05524590163934426,0.2786885245901639
Sri Lanka,LKA,7.0,81.0,1182,0.0,0.78,76.8,14.0,11.1,11611.0,4.400223255,9.400387764,0.828065395,67.19999695,0.852628171,0.08676241300000001,0.85801667,0.831292987,0.301279366,0.57613039,,,2.356080294,0.535445631,,0.3934,0.408001781,,,,,,,,5882376.0,,,,,,21413249.0,341.0,-97986.0,2.2,34.0,0.18,85.16,24.45,59.78,72.53,31.61,31.14,59.01,59.14,59.11,73.00327868852457,62.806557377049174,80.70163934426229,919.8868852459015,2.014754098360655,0.05508196721311475,0.18032786885245902
Sudan,SDN,12.8628,30.2176,3976,1517910.0,0.507,65.1,7.7,3.7,3962.0,4.138672829,8.340058327000001,0.81061554,55.11999893,0.3900958,-0.072780952,0.7937850359999999,0.5408450370000001,0.302724987,,-2.049856186,-1.397204399,2.62220645,0.6335862870000001,,0.354,0.455438644,,,,,,,,269958.48,1747.0,1164.0,66.6,,,43849260.0,25.0,-50000.0,4.4,20.0,0.35,,,,,,,,,,74.75409836065575,65.10819672131146,84.40655737704917,999.900000000001,10.145901639344256,0.0,0.0
Suriname,SUR,3.9193,-56.0278,11,40.0,0.7240000000000001,71.6,12.9,9.1,11933.0,6.269286632999999,9.624583244,0.797262073,62.24000168,0.885488451,-0.07657465299999999,0.7512828709999999,0.764222682,0.250364989,0.72176528,0.210094452,-0.21857205,1.9483901259999998,0.310783386,,,0.367604166,,,,,,,,272347.0,,,,,,586632.0,4.0,-1000.0,2.4,29.0,0.65,,,,,,,,,,79.11475409836065,71.4901639344262,88.80327868852454,999.900000000001,5.791803278688524,3.332295081967213,0.4426229508196721
Sweden,SWE,63.0,16.0,33843,,0.937,82.7,18.8,12.4,47955.0,7.3747920989999995,10.76693249,0.93067956,72.59999847,0.9417246579999999,0.069573253,0.26279658100000003,0.822675705,0.160755426,0.49439624,,,1.601521969,0.21716164100000002,,0.27415384600000003,0.38150969100000004,,0.570789635,,0.565906823,0.637184501,0.6797278520000001,0.607827246,,177200.0,27909.0,15.8,2.22,,10099265.0,25.0,40000.0,1.9,41.0,0.88,175.95,101.73,52.93,69.23,69.85,9.27,30.49,18.09,73.97,37.54754098360655,33.42950819672131,41.162295081967216,427.9360655737706,8.096721311475408,80.31983606557367,0.8032786885245902
Switzerland,CHE,46.8182,8.2275,30746,,0.946,83.6,16.2,13.4,59375.0,7.508586884,10.97594547,0.9302909970000001,74.09999847,0.9264145490000001,0.096368961,0.301259965,0.792225957,0.191520154,0.84997946,,,1.6396318669999999,0.21836757699999998,,0.3281,0.320724994,,,0.265255481,0.378479093,,0.518936038,,28857994.0,328163.0,30463.0,9.3,4.53,82.0,8654622.0,219.0,52000.0,1.5,43.0,0.74,192.01,119.53,78.4,72.44,122.4,8.68,29.09,22.39,79.24,22.001639344262287,14.040983606557376,29.519672131147544,999.900000000001,14.185245901639346,44.25803278688523,0.6229508196721312
Syria,SYR,34.802075,38.996815000000005,106,0.0,0.5489999999999999,71.8,8.9,5.1,2725.0,3.46191287,,0.463912874,55.20000076,0.448270857,,0.6852369309999999,0.36943960200000003,0.642588735,,-2.448227882,-1.54867959,2.8120822910000003,0.812291443,,0.358,0.525933683,,,,,,,,17896.9211653632,,,,,,17500658.0,95.0,-427391.0,2.8,26.0,0.6,,,,,,,,,,,,,,,,
Taiwan*,TWN,23.7,121.0,441,,,,,,,6.4670047760000005,,0.896458745,,0.7410327790000001,,0.735970736,0.848398566,0.09269564599999999,0.311722934,,,1.69088614,0.261463553,,,0.330177575,,,,,,,,,70526.0,441.0,0.63,,,23816775.0,673.0,30001.0,1.2,42.0,0.79,143.23,65.67,84.35,86.71,61.37,23.69,31.93,63.35,84.38,67.94262295081965,61.82131147540983,75.5049180327869,24.593442622950818,3.4786885245901633,0.0,0.18032786885245902
Tajikistan,TJK,38.861034000000004,71.276093,3100,0.0,0.6559999999999999,70.9,11.4,10.7,3482.0,5.829234122999999,7.971400738,0.6626933220000001,63.79999924,0.832002461,0.122264013,0.71833688,0.602667689,0.27772533899999996,0.92979306,-1.195175648,-1.216368675,2.212850571,0.379612565,,0.3266,0.367954314,,,,,,,,492320.0,,,,,,9537645.0,68.0,-20000.0,3.6,22.0,0.27,,,,,,,,,,,,,,,,
Tanzania,TZA,-6.369,34.8888,509,6477825.0,0.528,65.0,8.0,6.0,2805.0,3.445023298,7.928911209,0.6753304,57.5,0.807142138,0.14175652,0.611534059,0.7620893120000001,0.221005499,0.914648473,,,2.6656835080000003,0.7737780809999999,,0.384666667,0.568629265,,,,,0.078125,,,1481557.0,652.0,480.0,73.6,,,59734218.0,67.0,-40076.0,4.9,18.0,0.37,,,,,,,,,,73.86721311475411,67.28360655737704,83.84262295081966,890.1295081967214,5.381967213114756,8.55573770491803,0.6885245901639344
Thailand,THA,15.0,101.0,3042,11043.0,0.765,76.9,14.7,7.7,16129.0,6.0115618710000005,9.734828949,0.873052418,67.19999695,0.90482825,0.251650214,0.906596005,0.8434894079999999,0.198190212,0.6053644420000001,,,2.1057426930000003,0.350282133,,0.396692308,0.482406765,,,,,,0.41508197799999996,0.324912518,76053042.754,89791.0,2992.0,3.3,,,69799978.0,137.0,19444.0,1.5,40.0,0.51,101.88,35.45,59.52,77.95,49.77,22.26,38.23,75.07,69.45,84.11967213114755,71.52950819672132,97.59672131147539,5.754098360655742,2.90655737704918,1.6578688524590164,0.11475409836065574
Timor-Leste,TLS,-8.874217,125.727539,24,36.0,0.626,69.3,12.4,4.5,7527.0,,,,,,,,,,,,,,,,,,,,,,,,,,,,,,,1318445.0,89.0,-5385.0,4.1,21.0,0.33,,,,,,,,,,,,,,,,
Togo,TGO,8.6195,0.8248,386,2891868.0,0.513,60.8,12.6,4.9,1593.0,4.022894859,7.287405491,0.596353889,54.70000076,0.611966252,-0.007062926,0.8085377220000001,0.608448625,0.44645437600000004,0.323221207,,,2.110910177,0.524724185,,0.437666667,0.444903791,,,,,,,,566295.0,,,,,,8278724.0,152.0,-2000.0,4.4,19.0,0.43,,,,,,,,,,84.59180327868852,73.84918032786885,98.44262295081968,999.900000000001,2.644262295081967,0.022295081967213113,0.14754098360655737
Trinidad and Tobago,TTO,10.6918,-61.2225,116,,0.799,73.4,13.0,11.0,28497.0,6.191859722,10.26684761,0.916029036,63.5,0.8591404559999999,-0.0048325090000000005,0.911336362,0.846467078,0.248098806,0.272540897,0.420911133,-0.046981119,2.2766768930000003,0.367688715,,,0.415465385,,,,,,0.038241852,0.032032032,2525130.0,2271.0,116.0,5.1,,,1399488.0,273.0,-800.0,1.7,36.0,0.52,,,,,,,,,,79.07868852459018,71.27377049180326,88.75081967213109,76.66393442622949,6.108196721311474,0.02491803278688525,0.39344262295081966
Tunisia,TUN,34.0,9.0,1051,,0.7390000000000001,76.5,15.1,7.2,10677.0,4.741132259,9.304473877000001,0.732953548,66.90000153,0.6496800779999999,-0.203248903,0.84011662,0.591726601,0.365014285,0.349490464,,,2.179978848,0.459801316,,0.381,0.431391299,,,,,,,0.155186728,4274199.0,32818.0,1032.0,3.1,,,11818619.0,76.0,-4000.0,2.2,33.0,0.7,,,,,,,,,,57.847540983606564,44.71475409836064,71.57049180327868,65.4032786885246,7.170491803278689,0.0,0.0
Turkey,TUR,38.9637,35.2433,157814,0.0,0.8059999999999999,77.4,16.4,7.7,24905.0,5.185689449,10.1489172,0.847027302,66.80000305,0.528629065,-0.18165372300000002,0.804878533,0.434654295,0.350773096,0.513677061,,,2.14615202,0.41386049999999996,,0.4058,0.36262396,,,0.098058254,0.06466376,0.187986806,0.048552454,0.118725449,115595495.817,1696355.0,152587.0,9.0,2.81,68.0,84339067.0,110.0,283922.0,2.1,32.0,0.76,127.1,40.85,60.51,69.8,34.69,7.81,44.65,67.35,93.26,36.373770491803285,24.41311475409836,46.77540983606557,996.3540983606566,5.295081967213114,0.07786885245901637,0.5573770491803278
US,USA,37.0902,-95.7129,1662302,,0.92,78.9,16.3,13.4,56140.0,6.882684707999999,10.92246532,0.9038560390000001,68.30000305,0.824606657,0.107713386,0.709928274,0.8153826,0.292226255,0.3138161,,,2.119374037,0.307928383,,0.40816666700000004,0.7014179229999999,,0.453547865,,0.349512935,0.35518533,0.39345145200000003,0.351394504,889022000.0,14117870.0,1592723.0,11.3,,64.0,331002651.0,36.0,954806.0,1.8,38.0,0.83,172.11,109.52,52.8,69.27,71.05,3.52,32.89,36.88,77.54,42.69547767100058,36.68451102317698,58.83535895986433,672.1188524590103,23.6793951384963,8.76699265121542,0.4098360655737705
Uganda,UGA,1.0,32.0,222,8600724.0,0.528,63.0,11.2,6.1,1752.0,4.321714878,7.45870924,0.7398410440000001,55.70000076,0.7285127640000001,0.088241369,0.8561062220000001,0.685168505,0.39031922799999996,0.50385344,,,3.033911943,0.7020157579999999,,0.4322,0.655502677,,,,,0.075872228,,,21537.0,70117.0,203.0,0.29,,,45741007.0,229.0,168694.0,5.0,17.0,0.26,,,,,,,,,,,,,,,,
Ukraine,UKR,48.3794,31.1656,21245,,0.75,72.0,15.1,11.3,7994.0,4.661909103,9.012026787,0.9009367229999999,64.59999847,0.6630550620000001,-0.05504196099999999,0.9429607390000001,0.608771086,0.22185148300000002,0.079710059,,,2.11156249,0.452939451,,0.265,0.34974923700000005,,,,0.287797928,,0.266814858,0.235055715,7854842.0,187307.0,16023.0,8.6,,,43733762.0,75.0,10000.0,1.4,41.0,0.69,104.77,31.8,51.15,52.33,33.18,12.23,38.65,65.08,71.42,38.71475409836066,32.39672131147542,45.57377049180329,906.4590163934429,21.967213114754095,4.968852459016394,0.4098360655737705
United Arab Emirates,ARE,24.0,54.0,30307,0.0,0.866,77.8,13.6,11.0,66912.0,6.603743552999999,11.12767792,0.8510413170000001,67.09999847,0.9436643720000001,0.036494225,,0.787243485,0.302041829,,,,2.214761972,0.335379779,,,0.721078634,,,,,,,,95533069.0,1520958.0,19661.0,1.3,,,9890402.0,118.0,40000.0,1.4,33.0,0.86,156.67,91.58,84.3,67.04,61.98,5.29,36.85,51.15,45.23,71.14590163934425,63.88852459016392,79.57868852459015,15.795081967213116,6.557377049180328,6.564754098360655,0.19672131147540983
United Kingdom,GBR,270.0299,-482.9247,262547,,0.92,81.2,17.4,13.0,39507.0,7.233445167999999,10.59694767,0.9284839029999999,72.30000305,0.83750838,0.22199814,0.404276013,0.7831718329999999,0.228275612,0.420859873,,,1.6989500519999998,0.234874263,,0.341083333,0.417473197,,,,0.304498315,,0.300558358,,165388610.0,3231921.0,254195.0,7.9,2.54,84.3,67886011.0,281.0,260650.0,1.8,40.0,0.83,162.71,91.73,56.29,74.46,67.28,10.09,34.53,40.56,87.62,61.203606557377036,56.17639344262301,65.65901639344263,551.891475409835,10.174426229508192,8.23711475409836,0.16065573770491803
Uruguay,URY,-32.5228,-55.7658,787,,0.8079999999999999,77.8,16.3,8.7,19435.0,6.371714592000001,9.959661484,0.9173156020000001,69.0,0.876210928,-0.10845141900000001,0.682916045,0.876920342,0.274945587,0.36170604799999995,,,2.217172384,0.34797108200000004,,0.427363636,0.43754178299999996,,,,0.216404811,,0.28439307199999997,0.14435146699999998,,27461.0,702.0,2.6,,,3473730.0,20.0,-3000.0,2.0,36.0,0.96,125.98,37.46,46.19,66.28,51.04,16.34,39.89,44.84,98.04,76.98032786885246,64.45737704918032,84.55245901639346,155.82131147540983,6.259016393442623,1.7067213114754098,0.08196721311475409
Uzbekistan,UZB,41.3775,64.5853,3189,0.0,0.71,71.6,12.0,11.5,6462.0,6.205460072,8.773365021,0.9208210109999999,65.09999847,0.969897985,0.311694622,0.520360112,0.825421572,0.208660305,0.969356358,,,2.426437855,0.39101660299999996,,0.348,0.384973526,,,,,,,0.139223561,3056558.0,371000.0,2298.0,0.62,,,33469203.0,79.0,-8863.0,2.4,28.0,0.5,,,,,,,,,,43.95901639344262,34.945901639344264,54.1,877.0426229508198,6.41967213114754,19.670163934426228,0.19672131147540983
Venezuela,VEN,6.4238,-66.5897,1177,519109.0,0.726,72.1,12.8,10.3,9070.0,5.005663395,9.270280838,0.886882067,66.5,0.610855222,-0.176155597,0.827560008,0.759221494,0.37365761399999997,0.260699689,,,2.8919303419999998,0.577731669,,0.497166667,,,,,0.13333334,0.158333331,,,2137771.0,495730.0,379.0,0.08,,,28435940.0,32.0,-653249.0,2.3,30.0,,,,,,,,,,,90.54918032786881,77.77213114754099,98.74098360655742,183.07540983606555,7.904918032786885,0.00639344262295082,0.06557377049180328
Vietnam,VNM,16.0,108.0,326,5481.0,0.693,75.3,12.7,8.2,6220.0,5.295547009,8.783415794,0.83194524,67.90000153,0.909259796,-0.039123702999999996,0.8084229829999999,0.6922224159999999,0.191061363,,,,1.6764484640000001,0.316577017,,0.36275,0.415666252,,,,,0.386999995,0.510053635,,47049671.0,261004.0,324.0,0.12,,,97338579.0,314.0,-80000.0,2.1,32.0,0.38,87.48,28.14,54.65,57.7,38.34,21.36,30.17,86.47,71.24,76.49508196721311,70.61147540983606,83.24754098360657,999.900000000001,4.18360655737705,4.94,0.3114754098360656
West Bank and Gaza,PSE,31.9522,35.2332,423,,0.69,73.9,12.8,9.1,5314.0,4.5539217,,0.8194792870000001,,0.654534519,,0.8137795329999999,0.610405445,0.41892853399999996,0.39237338299999996,,,2.580389261,0.566630125,,,0.48242107,,,,,,,0.158000007,,34511.0,547.0,1.6,,,5101414.0,847.0,-10563.0,3.7,21.0,0.8,,,,,,,,,,,,,,,,
Western Sahara,ESH,24.2155,-12.8858,9,,,,,,,,,,,,,,,,,,,,,,,,,,,,,,,,,,,,,597339.0,2.0,5582.0,2.4,28.0,0.87,,,,,,,,,,,,,,,,
Yemen,YEM,15.552726999999999,48.516388,233,762995.0,0.46299999999999997,66.1,8.7,3.2,1433.0,3.057513952,,0.7894219159999999,56.70000076,0.55272609,,0.7925868629999999,0.461113781,0.31486994,0.308151186,,,2.40200758,0.7856080529999999,,0.35700000000000004,0.44859656700000006,,,,,,,0.38499999,336310.0,,,,,,29825964.0,56.0,-30000.0,3.8,20.0,0.38,,,,,,,,,,,,,,,,
Zambia,ZMB,-15.4167,28.2833,920,3475522.0,0.591,63.5,12.1,7.1,3582.0,4.041488171,8.223958015,0.717720389,55.29999924,0.79062593,0.03664434,0.810731292,0.702697575,0.350962847,0.606715262,,,2.783418655,0.688711345,,0.5274,0.619443059,,,,,,0.110429451,,8904.0,,,,,,18383955.0,25.0,-8000.0,4.7,18.0,0.45,,,,,,,,,,71.86393442622952,64.20327868852456,81.41147540983606,999.900000000001,5.608196721311477,21.384754098360652,0.47540983606557374
Zimbabwe,ZWE,-20.0,30.0,56,1239430.0,0.563,61.2,10.5,8.3,2661.0,3.616479874,7.553394794,0.7753884790000001,55.59999847,0.762674868,-0.038383581,0.844208658,0.7101186509999999,0.21172584600000002,0.550507784,,,2.4986956119999997,0.69091928,,0.43200000000000005,0.541771829,,,,,0.116682939,,0.08294227,282539.0,8244.0,34.0,0.41,,,14862924.0,38.0,-116858.0,3.6,19.0,0.38,,,,,,,,,,,,,,,,
